id_colaborador,nome,sexo,idade,estado_civil,escolaridade,cidade,estado,regional,centro_distribuicao,departamento,cargo,gestor,data_admissao,tempo_empresa,salario,tipo_contrato,modelo_trabalho,pcd,status,turnover,motivo_desligamento,faltas,absenteismo,dias_afastamento,tipo_afastamento,horas_extras,banco_horas,sla_recrutamento,nota_desempenho,engajamento,horas_treinamento,promovido,ferias_pendentes
1,Brenda Alves,Masculino,37,Casado,Fundamental,Goiânia,GO,Centro-Oeste,CD Goiânia,Transporte,Motorista,Sra. Isabelly Câmara,2019-02-04,"7,4",3569,CLT,Híbrido,Sim,Ativo,Não,,3,"0,9",0,,7,4,58,"3,6",87,26,Não,26
2,Cauã Rocha,Masculino,38,Casado,Fundamental,Salvador,BA,Nordeste,CD Salvador,Transporte,Supervisor,Dra. Aurora Pastor,2024-03-24,"2,3",7600,Temporário,Presencial,Não,Ativo,Não,,0,"1,76",0,,46,-1,37,4,84,6,Não,11
3,Ana Beatriz Alves,Feminino,30,Casado,Médio,Campinas,SP,Sudeste,CD Campinas,Centro de Distribuição,Supervisor,Henrique da Conceição,2022-03-03,"4,3",7201,CLT,Presencial,Não,Ativo,Não,,0,"3,52",10,INSS,16,2,49,"2,6",75,20,Não,15
4,Amanda Novais,Masculino,28,Solteiro,Superior,Recife,PE,Nordeste,CD Recife,Last Mile,Coordenador,Yago Leão,2018-03-02,"8,3",11391,CLT,Presencial,Não,Ativo,Não,,1,"2,95",5,Acidente,25,-14,18,"3,5",82,7,Não,11
5,Pietro Pastor,Masculino,37,Casado,Superior,Goiânia,GO,Centro-Oeste,CD Goiânia,Transporte,Supervisor,André Teixeira,2025-12-24,"0,5",7502,CLT,Presencial,Não,Ativo,Não,,1,"3,91",0,,23,-8,60,"4,3",74,31,Não,6
6,Otávio Fernandes,Feminino,49,Divorciado,Técnico,Brasília,DF,Centro-Oeste,CD Brasília,Centro de Distribuição,Auxiliar Operacional,Eduardo Cunha,2021-04-07,"5,2",2473,CLT,Presencial,Não,Ativo,Não,,2,"3,32",5,Licença Médica,29,37,37,"2,6",84,24,Não,6
7,Sr. Caleb Garcia,Feminino,31,Solteiro,Pós,São Paulo,SP,Sudeste,CD São Paulo,Atendimento,Assistente,Luiz Henrique Ferreira,2019-07-30,"6,9",4197,CLT,Presencial,Não,Inativo,Sim,Fim de Contrato,0,"4,22",0,,56,37,21,"3,2",71,38,Não,1
8,Julia Aparecida,Masculino,38,Casado,Técnico,São Paulo,SP,Sudeste,CD São Paulo,Last Mile,Motorista,Sra. Zoe Campos,2024-03-18,"2,3",3046,CLT,Presencial,Não,Ativo,Não,,3,2,0,,16,-10,57,"3,3",98,15,Não,0
9,Anna Liz Novaes,Masculino,30,Solteiro,Pós,Salvador,BA,Nordeste,CD Salvador,Operações,Supervisor,Luiz Miguel Oliveira,2022-11-16,"3,6",8959,CLT,Híbrido,Não,Ativo,Não,,1,"2,43",0,,28,2,40,"3,8",88,29,Não,9
10,Bernardo Aparecida,Masculino,33,Solteiro,Superior,Brasília,DF,Centro-Oeste,CD Brasília,Operações,Conferente,Heloísa Vargas,2018-10-13,"7,7",2407,CLT,Presencial,Não,Ativo,Não,,1,"1,77",2,Licença Médica,51,-13,45,"3,2",77,37,Não,7
11,Bruno da Conceição,Feminino,26,Solteiro,Superior,Brasília,DF,Centro-Oeste,CD Brasília,Centro de Distribuição,Supervisor,Mateus da Mota,2023-01-01,"3,5",8919,CLT,Presencial,Não,Ativo,Não,,3,"3,01",5,Licença Médica,24,9,47,"2,6",84,37,Não,12
12,Maria Clara Castro,Feminino,25,Divorciado,Pós,Campinas,SP,Sudeste,CD Campinas,Centro de Distribuição,Supervisor,Dr. Gustavo Henrique Rios,2016-08-13,"9,9",10444,CLT,Presencial,Não,Ativo,Não,,2,"5,95",5,Licença Médica,20,39,42,"3,4",80,20,Não,22
13,Brayan Pereira,Feminino,24,Solteiro,Médio,Brasília,DF,Centro-Oeste,CD Brasília,Operações,Supervisor,Eloá Nascimento,2021-08-27,"4,8",7784,CLT,Presencial,Não,Ativo,Não,,2,"4,12",10,INSS,24,29,34,"3,1",91,23,Não,12
14,Srta. Elisa Martins,Feminino,52,Solteiro,Médio,São Paulo,SP,Sudeste,CD São Paulo,Operações,Supervisor,Júlia Porto,2016-02-05,"10,4",10261,CLT,Presencial,Sim,Ativo,Não,,0,"2,8",15,INSS,44,-15,24,"3,1",66,36,Não,0
15,Dra. Hellena Rodrigues,Feminino,18,Casado,Médio,Goiânia,GO,Centro-Oeste,CD Goiânia,Financeiro,Assistente,Sr. Ian Andrade,2019-05-04,"7,2",3881,CLT,Presencial,Não,Ativo,Não,,3,"2,22",15,Licença Médica,5,-20,56,"3,1",77,33,Não,29
16,Dr. João Felipe Azevedo,Masculino,21,Solteiro,Superior,Brasília,DF,Centro-Oeste,CD Brasília,Operações,Auxiliar Operacional,Levi Cunha,2025-01-21,"1,4",2596,CLT,Presencial,Não,Ativo,Não,,2,"4,06",5,INSS,52,-5,35,"4,4",69,25,Não,15
17,Sara Gonçalves,Feminino,47,Casado,Superior,São Paulo,SP,Sudeste,CD São Paulo,RH,Gerente,Natália Casa Grande,2025-02-07,"1,4",18348,CLT,Presencial,Não,Ativo,Não,,6,"2,46",2,INSS,29,40,60,"3,3",57,36,Não,11
18,Davi Miguel da Cruz,Feminino,30,Solteiro,Superior,Brasília,DF,Centro-Oeste,CD Brasília,Transporte,Motorista,Dra. Zoe da Luz,2018-12-02,"7,6",4425,CLT,Presencial,Não,Ativo,Não,,3,"2,37",5,Acidente,43,4,30,"2,7",77,35,Não,9
19,Dra. Mariane Pacheco,Feminino,33,Casado,Superior,São Paulo,SP,Sudeste,CD São Paulo,Centro de Distribuição,Supervisor,Maria Cecília Câmara,2019-01-27,"7,4",7872,CLT,Presencial,Não,Ativo,Não,,1,"3,13",15,INSS,47,-2,58,"2,8",88,35,Não,11
20,Thomas Monteiro,Masculino,45,Solteiro,Pós,Curitiba,PR,Sul,CD Curitiba,Atendimento,Supervisor,Benicio Camargo,2016-09-21,"9,8",8167,CLT,Presencial,Não,Ativo,Não,,0,"2,32",0,,6,10,14,"3,6",100,34,Não,22
21,Emanuel Vieira,Feminino,31,Casado,Superior,Guarulhos,SP,Sudeste,CD Guarulhos,Centro de Distribuição,Supervisor,Mariana Peixoto,2018-01-20,"8,4",8540,CLT,Presencial,Não,Ativo,Não,,4,"3,43",10,Acidente,11,15,15,"3,7",77,30,Não,18
22,Matheus Garcia,Feminino,46,Casado,Pós,Goiânia,GO,Centro-Oeste,CD Goiânia,RH,Analista,Nina Moura,2016-03-31,"10,3",5714,CLT,Presencial,Não,Ativo,Não,,4,"1,94",0,,9,-5,30,"3,4",84,10,Não,27
23,Yuri Albuquerque,Masculino,26,Casado,Pós,Campinas,SP,Sudeste,CD Campinas,Operações,Supervisor,Bruna Rodrigues,2020-04-04,"6,2",8353,Temporário,Presencial,Não,Ativo,Não,,2,"6,6",15,Licença Médica,56,5,17,"3,3",93,27,Não,27
24,Juliana Vargas,Feminino,50,Divorciado,Fundamental,Salvador,BA,Nordeste,CD Salvador,Transporte,Supervisor,Manuela Camargo,2024-03-25,"2,3",7797,CLT,Presencial,Sim,Ativo,Não,,3,"1,76",5,Licença Médica,16,0,35,"2,4",54,24,Não,21
25,Pedro Henrique Castro,Masculino,48,Divorciado,Superior,Recife,PE,Nordeste,CD Recife,Financeiro,Assistente,Agatha Silveira,2020-06-21,6,3968,CLT,Presencial,Não,Inativo,Sim,Desligamento sem Justa Causa,1,"1,42",2,Licença Médica,40,-20,58,"2,8",78,39,Não,1
26,Sra. Sarah Teixeira,Feminino,38,Casado,Médio,Guarulhos,SP,Sudeste,CD Guarulhos,Transporte,Supervisor,Thiago Caldeira,2016-09-06,"9,8",8252,CLT,Presencial,Não,Ativo,Não,,1,"4,63",0,,33,17,59,"3,2",91,33,Não,17
27,Letícia Porto,Masculino,52,Casado,Médio,Campinas,SP,Sudeste,CD Campinas,Transporte,Supervisor,Fernanda Cassiano,2017-03-22,"9,3",10472,CLT,Presencial,Não,Ativo,Não,,3,"3,34",2,INSS,33,27,20,"1,9",77,22,Não,22
28,Sr. Vitor Hugo Vasconcelos,Masculino,26,Solteiro,Fundamental,Salvador,BA,Nordeste,CD Salvador,Centro de Distribuição,Supervisor,Agatha Peixoto,2021-04-19,"5,2",8028,CLT,Presencial,Sim,Ativo,Não,,2,"2,91",0,,7,25,43,"2,9",81,13,Não,25
29,Dr. Antony Camargo,Masculino,42,Casado,Médio,Guarulhos,SP,Sudeste,CD Guarulhos,Last Mile,Motorista,Dr. Isaque Araújo,2022-04-15,"4,2",3518,CLT,Híbrido,Não,Ativo,Não,,3,"2,69",15,Licença Médica,46,38,60,"3,2",67,6,Não,2
30,Bruno Barros,Masculino,33,Solteiro,Médio,Campinas,SP,Sudeste,CD Campinas,Atendimento,Analista,Sra. Ana Lívia Teixeira,2020-11-09,"5,6",4625,CLT,Presencial,Não,Ativo,Não,,3,"3,81",15,Licença Médica,59,26,31,"2,4",74,33,Não,14
31,Carolina Cardoso,Masculino,22,Solteiro,Médio,Curitiba,PR,Sul,CD Curitiba,Last Mile,Motorista,Olívia Novaes,2023-03-27,"3,3",4326,CLT,Presencial,Não,Ativo,Não,,1,"2,32",0,,41,-12,12,"2,3",81,30,Não,7
32,João Moura,Feminino,35,Casado,Médio,Salvador,BA,Nordeste,CD Salvador,Last Mile,Coordenador,Mariana Cunha,2025-04-16,"1,2",12141,CLT,Presencial,Não,Ativo,Não,,3,"1,94",0,,19,-10,45,"3,8",84,12,Não,10
33,Gabriela Silva,Masculino,44,Casado,Médio,Guarulhos,SP,Sudeste,CD Guarulhos,Centro de Distribuição,Conferente,Murilo Rios,2021-08-01,"4,9",2618,CLT,Híbrido,Não,Ativo,Não,,1,"4,7",2,Licença Médica,9,35,20,"4,6",84,8,Sim,1
34,Maria Fernanda Macedo,Masculino,29,Casado,Pós,São Paulo,SP,Sudeste,CD São Paulo,Operações,Supervisor,Milena Campos,2019-08-12,"6,9",7600,CLT,Presencial,Não,Ativo,Não,,2,"3,34",0,,21,17,42,"3,7",66,22,Não,30
35,Henry Gabriel Azevedo,Masculino,21,Solteiro,Superior,São Paulo,SP,Sudeste,CD São Paulo,Centro de Distribuição,Auxiliar Operacional,Sr. Yuri da Conceição,2019-06-02,"7,1",2568,CLT,Presencial,Não,Ativo,Não,,4,"4,53",0,,46,-17,31,"1,8",88,1,Não,9
36,Hellena Abreu,Masculino,25,Solteiro,Superior,São Paulo,SP,Sudeste,CD São Paulo,Centro de Distribuição,Conferente,Bento da Conceição,2019-02-15,"7,4",2610,CLT,Presencial,Não,Ativo,Não,,1,"0,54",2,Acidente,37,-10,19,"3,6",100,39,Não,5
37,Arthur Gabriel Farias,Masculino,42,Casado,Médio,Goiânia,GO,Centro-Oeste,CD Goiânia,Operações,Supervisor,Théo da Costa,2016-12-11,"9,6",10055,CLT,Híbrido,Não,Ativo,Não,,1,"4,41",0,,45,37,18,"3,3",63,28,Não,13
38,Ryan Cunha,Masculino,44,Solteiro,Médio,Campinas,SP,Sudeste,CD Campinas,Atendimento,Analista,Caroline Silveira,2019-12-01,"6,6",5074,CLT,Presencial,Não,Ativo,Não,,3,"5,05",0,,0,38,53,"3,8",68,23,Não,24
39,Olívia da Cruz,Masculino,39,Casado,Técnico,Recife,PE,Nordeste,CD Recife,Centro de Distribuição,Conferente,Maria Luísa Correia,2021-02-22,"5,4",2541,CLT,Remoto,Não,Ativo,Não,,1,"4,36",2,INSS,32,2,60,"2,1",75,18,Não,29
40,Calebe Ribeiro,Masculino,56,Casado,Técnico,São Paulo,SP,Sudeste,CD São Paulo,Operações,Auxiliar Operacional,Maria Lima,2017-03-04,"9,3",2543,CLT,Presencial,Não,Inativo,Sim,Desligamento sem Justa Causa,1,"6,02",0,,28,25,43,"2,6",98,32,Não,22
41,Nina Siqueira,Masculino,43,Casado,Superior,Goiânia,GO,Centro-Oeste,CD Goiânia,Tecnologia,Analista Sênior,Carlos Eduardo Araújo,2025-05-13,"1,1",9143,Aprendiz,Presencial,Não,Inativo,Sim,Desligamento sem Justa Causa,2,"3,1",0,,7,-7,40,"2,8",77,17,Não,6
42,Maitê Caldeira,Feminino,30,Solteiro,Superior,Goiânia,GO,Centro-Oeste,CD Goiânia,Last Mile,Motorista,Gael Correia,2024-08-22,"1,9",3604,CLT,Presencial,Não,Ativo,Não,,3,"4,24",5,Acidente,18,-11,39,"3,9",88,22,Não,16
43,Melissa Carvalho,Feminino,35,Solteiro,Médio,Salvador,BA,Nordeste,CD Salvador,Centro de Distribuição,Auxiliar Operacional,Emilly da Mota,2017-06-04,"9,1",1974,CLT,Presencial,Não,Ativo,Não,,1,"2,35",10,Acidente,39,16,34,"4,1",79,37,Não,25
44,Isadora Barbosa,Feminino,34,Casado,Superior,Guarulhos,SP,Sudeste,CD Guarulhos,Last Mile,Motorista,Beatriz Aragão,2016-12-07,"9,6",3780,CLT,Presencial,Sim,Ativo,Não,,1,"1,59",0,,20,30,45,"2,8",100,25,Não,28
45,Ágatha Albuquerque,Feminino,35,Solteiro,Fundamental,Brasília,DF,Centro-Oeste,CD Brasília,Transporte,Supervisor,Isaac Cavalcante,2023-06-16,3,10219,CLT,Presencial,Não,Ativo,Não,,2,"4,5",15,Acidente,48,-19,18,4,77,8,Não,7
46,Raquel Mendes,Feminino,43,Divorciado,Superior,Recife,PE,Nordeste,CD Recife,Last Mile,Motorista,Murilo Araújo,2018-07-27,"7,9",4392,CLT,Presencial,Não,Ativo,Não,,6,"1,43",5,Acidente,39,4,21,"2,9",67,14,Não,26
47,Mateus Abreu,Feminino,28,Casado,Médio,Guarulhos,SP,Sudeste,CD Guarulhos,Jurídico,Analista,Julia Viana,2016-02-16,"10,4",6021,CLT,Presencial,Não,Ativo,Não,,0,"3,55",5,INSS,31,14,27,"3,4",70,38,Não,16
48,Laura Lima,Feminino,47,Casado,Superior,Curitiba,PR,Sul,CD Curitiba,Last Mile,Coordenador,Dra. Raquel Cassiano,2022-02-13,"4,4",13769,CLT,Presencial,Não,Ativo,Não,,3,"3,73",15,Acidente,44,-8,22,"2,8",78,17,Não,2
49,Juan Cunha,Masculino,30,Casado,Superior,Curitiba,PR,Sul,CD Curitiba,Operações,Conferente,Vitor Hugo Araújo,2016-01-29,"10,4",3189,CLT,Presencial,Não,Ativo,Não,,3,"2,99",2,Acidente,48,32,55,"1,6",92,14,Não,8
50,Sra. Ana Laura Aragão,Feminino,55,Solteiro,MBA,Brasília,DF,Centro-Oeste,CD Brasília,Operações,Auxiliar Operacional,Pietra Montenegro,2018-08-21,"7,9",2470,CLT,Presencial,Não,Ativo,Não,,1,"3,04",15,INSS,11,22,43,"2,5",67,25,Não,8
51,Eduarda Araújo,Masculino,31,Casado,Superior,Brasília,DF,Centro-Oeste,CD Brasília,Operações,Supervisor,Anna Liz Cirino,2025-10-28,"0,7",9263,CLT,Presencial,Não,Ativo,Não,,1,"0,63",2,INSS,4,-17,23,"3,8",60,36,Não,1
52,Bernardo Rocha,Masculino,26,Solteiro,Superior,Campinas,SP,Sudeste,CD Campinas,Centro de Distribuição,Supervisor,Nathan Campos,2018-09-14,"7,8",8199,CLT,Presencial,Não,Ativo,Não,,1,"3,28",5,Acidente,28,-4,59,"3,5",64,39,Não,12
53,Isadora Pacheco,Feminino,44,Solteiro,Médio,Campinas,SP,Sudeste,CD Campinas,Centro de Distribuição,Auxiliar Operacional,Ana Cecília Pinto,2023-07-08,3,2580,CLT,Presencial,Não,Ativo,Não,,0,"3,66",5,Licença Médica,2,6,47,"2,8",75,6,Não,4
54,Otto Ribeiro,Masculino,27,Solteiro,Médio,São Paulo,SP,Sudeste,CD São Paulo,Comercial,Analista,Stephany Dias,2018-11-20,"7,6",5756,CLT,Presencial,Não,Inativo,Sim,Desligamento sem Justa Causa,2,"3,01",10,Licença Médica,22,9,16,"3,2",67,9,Não,8
55,Gustavo Rios,Feminino,36,Solteiro,Técnico,Curitiba,PR,Sul,CD Curitiba,Tecnologia,Gerente,Sra. Isabella da Luz,2017-07-25,"8,9",23353,CLT,Híbrido,Não,Inativo,Sim,Fim de Contrato,1,"2,68",0,,14,40,21,"3,6",66,6,Não,28
56,Caroline Rios,Masculino,35,Casado,Médio,Goiânia,GO,Centro-Oeste,CD Goiânia,Operações,Conferente,Letícia Marques,2021-10-27,"4,7",2999,CLT,Presencial,Não,Ativo,Não,,2,"3,91",10,INSS,31,7,38,"3,9",88,20,Não,14
57,Sr. Anthony Marques,Feminino,23,Casado,Médio,Curitiba,PR,Sul,CD Curitiba,Centro de Distribuição,Supervisor,Beatriz Barbosa,2020-08-09,"5,9",8607,CLT,Presencial,Não,Ativo,Não,,1,"1,65",10,Acidente,56,29,16,"2,7",92,2,Não,28
58,Hadassa Montenegro,Feminino,28,Solteiro,Técnico,Brasília,DF,Centro-Oeste,CD Brasília,Operações,Auxiliar Operacional,Davi Lucca Ferreira,2017-01-12,"9,5",2400,CLT,Presencial,Não,Inativo,Sim,Fim de Contrato,1,"1,87",0,,2,-3,39,"2,7",96,17,Não,13
59,Joaquim Freitas,Masculino,36,Solteiro,Técnico,Brasília,DF,Centro-Oeste,CD Brasília,Tecnologia,Analista Sênior,Emanuel Macedo,2021-08-20,"4,9",9139,CLT,Presencial,Sim,Ativo,Não,,2,"3,78",0,,44,-8,39,"3,4",64,32,Não,12
60,Liz Pimenta,Feminino,47,Solteiro,Pós,Goiânia,GO,Centro-Oeste,CD Goiânia,Operações,Conferente,Vitória Albuquerque,2022-02-19,"4,4",2558,CLT,Presencial,Não,Ativo,Não,,5,"5,39",0,,37,-5,13,"3,6",86,5,Não,25
61,Letícia Ribeiro,Feminino,25,Casado,Técnico,Campinas,SP,Sudeste,CD Campinas,RH,Coordenador,Davi Luiz da Luz,2024-10-03,"1,7",11306,CLT,Presencial,Não,Ativo,Não,,2,"3,07",2,Acidente,40,7,19,"2,4",68,34,Não,28
62,Cauê Souza,Feminino,42,Casado,Técnico,Goiânia,GO,Centro-Oeste,CD Goiânia,Operações,Supervisor,Daniela da Mata,2016-12-18,"9,5",9994,CLT,Presencial,Não,Ativo,Não,,4,"3,51",5,Licença Médica,6,30,21,"3,4",84,2,Não,12
63,Gustavo Henrique Silva,Feminino,18,Solteiro,Médio,Goiânia,GO,Centro-Oeste,CD Goiânia,Centro de Distribuição,Auxiliar Operacional,Sr. João Montenegro,2023-12-24,"2,5",2401,CLT,Presencial,Não,Ativo,Não,,2,"3,43",2,INSS,25,38,34,"3,4",79,27,Não,1
64,Isis Aragão,Feminino,18,Casado,Médio,Goiânia,GO,Centro-Oeste,CD Goiânia,Comercial,Assistente,Otávio da Mota,2020-01-12,"6,5",4099,CLT,Híbrido,Não,Ativo,Não,,2,"1,36",15,Acidente,39,26,46,"4,1",78,11,Não,4
65,Alexandre Farias,Feminino,35,Divorciado,Fundamental,Curitiba,PR,Sul,CD Curitiba,RH,Gerente,João Castro,2021-01-21,"5,4",23262,CLT,Presencial,Não,Ativo,Não,,0,"3,11",2,INSS,27,30,23,"3,9",66,11,Não,9
66,Sra. Mariane Novais,Feminino,38,Solteiro,Médio,Brasília,DF,Centro-Oeste,CD Brasília,Transporte,Analista,Daniel Barbosa,2019-06-28,7,4807,CLT,Presencial,Não,Ativo,Não,,1,"3,48",0,,42,-13,38,"3,4",49,31,Não,5
67,Srta. Ísis Andrade,Feminino,36,Solteiro,Pós,Goiânia,GO,Centro-Oeste,CD Goiânia,Comercial,Analista,Sr. Pedro Cardoso,2024-12-08,"1,6",5313,CLT,Presencial,Não,Inativo,Sim,Desligamento sem Justa Causa,3,"3,74",0,,54,-19,59,"3,2",87,5,Não,30
68,Leandro Fonseca,Feminino,33,Divorciado,Superior,São Paulo,SP,Sudeste,CD São Paulo,Tecnologia,Analista,Luiz Henrique Costela,2017-11-18,"8,6",5350,CLT,Presencial,Não,Ativo,Não,,2,"2,81",5,INSS,12,37,16,"4,3",84,14,Não,20
69,Isadora Rios,Feminino,44,Casado,Médio,São Paulo,SP,Sudeste,CD São Paulo,Transporte,Motorista,Luiz Gustavo Vasconcelos,2019-12-11,"6,6",3127,CLT,Presencial,Sim,Inativo,Sim,Fim de Contrato,1,"1,02",0,,48,13,57,"4,2",93,36,Não,14
70,Maria Luísa Pinto,Masculino,43,Solteiro,Pós,Campinas,SP,Sudeste,CD Campinas,Centro de Distribuição,Supervisor,Srta. Isabela Castro,2018-08-01,"7,9",8827,Temporário,Presencial,Não,Ativo,Não,,1,"3,45",5,Licença Médica,22,40,13,"3,8",73,26,Não,28
71,Noah Alves,Masculino,25,Casado,Superior,Brasília,DF,Centro-Oeste,CD Brasília,RH,Coordenador,Lucas Gabriel Viana,2024-10-20,"1,7",14654,CLT,Presencial,Não,Ativo,Não,,2,"5,18",2,INSS,41,33,10,"3,6",75,12,Não,22
72,Isadora da Mata,Masculino,36,Casado,Médio,Salvador,BA,Nordeste,CD Salvador,Last Mile,Motorista,Cauê Garcia,2019-05-28,"7,1",4403,CLT,Presencial,Não,Ativo,Não,,1,"2,96",0,,8,15,19,"4,1",78,32,Não,22
73,Ravy Câmara,Masculino,43,Solteiro,Médio,São Paulo,SP,Sudeste,CD São Paulo,Centro de Distribuição,Supervisor,Raul Ferreira,2017-04-27,"9,2",9556,CLT,Presencial,Não,Ativo,Não,,3,"3,01",5,Acidente,43,20,58,"3,4",100,10,Não,6
74,Ian Câmara,Masculino,20,Solteiro,Médio,Campinas,SP,Sudeste,CD Campinas,Transporte,Analista,Gael Guerra,2020-05-22,"6,1",5207,CLT,Presencial,Não,Ativo,Não,,0,"3,65",2,Licença Médica,25,11,30,"3,1",93,7,Não,5
75,Dr. Bernardo Vargas,Feminino,50,Casado,Fundamental,Salvador,BA,Nordeste,CD Salvador,Centro de Distribuição,Supervisor,Luiz Fernando Ramos,2022-08-25,"3,9",10883,CLT,Híbrido,Não,Ativo,Não,,1,"5,37",0,,57,21,39,"2,3",80,15,Não,11
76,Maria Liz Rocha,Feminino,36,Solteiro,Superior,Brasília,DF,Centro-Oeste,CD Brasília,Transporte,Supervisor,Luísa Alves,2025-11-22,"0,6",10621,CLT,Presencial,Não,Ativo,Não,,1,"2,56",2,INSS,44,20,30,"3,6",71,1,Não,26
77,José Pedro Cavalcanti,Feminino,37,Casado,Médio,Campinas,SP,Sudeste,CD Campinas,Operações,Auxiliar Operacional,Julia Andrade,2018-04-14,"8,2",2138,CLT,Presencial,Não,Ativo,Não,,3,"3,93",10,Acidente,51,-14,23,3,74,8,Não,14
78,Pedro Henrique Ferreira,Feminino,34,Casado,Superior,Campinas,SP,Sudeste,CD Campinas,Centro de Distribuição,Conferente,Sra. Maya Pereira,2016-05-09,"10,2",2580,CLT,Híbrido,Não,Ativo,Não,,1,"3,17",0,,34,0,43,"3,2",84,3,Não,24
79,Bruna Gomes,Masculino,37,Solteiro,Técnico,Curitiba,PR,Sul,CD Curitiba,Operações,Auxiliar Operacional,Esther da Cunha,2024-06-10,"2,1",1959,CLT,Presencial,Não,Ativo,Não,,1,"3,32",2,INSS,31,-10,59,"2,7",65,30,Não,23
80,Pedro Henrique Abreu,Feminino,23,Solteiro,Médio,Campinas,SP,Sudeste,CD Campinas,Operações,Supervisor,Zoe Rodrigues,2019-01-27,"7,4",10292,CLT,Presencial,Não,Ativo,Não,,0,"2,23",2,Licença Médica,20,31,44,"2,9",82,6,Não,26
81,Dra. Fernanda Fonseca,Masculino,35,Solteiro,Fundamental,Goiânia,GO,Centro-Oeste,CD Goiânia,Centro de Distribuição,Conferente,Ana Lívia Rios,2020-10-30,"5,7",2441,CLT,Presencial,Não,Inativo,Sim,Fim de Contrato,0,"3,31",5,INSS,60,-4,44,"1,4",61,10,Não,30
82,Dr. Davi Silveira,Masculino,44,Solteiro,Pós,Recife,PE,Nordeste,CD Recife,Centro de Distribuição,Supervisor,Thiago das Neves,2023-01-01,"3,5",9672,Temporário,Presencial,Não,Ativo,Não,,2,"1,63",0,,3,-11,59,"3,8",78,39,Não,20
83,Maria Luísa Duarte,Masculino,29,Solteiro,Superior,Guarulhos,SP,Sudeste,CD Guarulhos,Financeiro,Coordenador,Laís Novaes,2018-02-14,"8,4",14456,CLT,Presencial,Sim,Ativo,Não,,3,"2,12",15,Licença Médica,58,-10,24,"2,9",74,18,Não,6
84,Gael Leão,Feminino,43,Casado,Médio,Campinas,SP,Sudeste,CD Campinas,RH,Coordenador,Maria Helena Rocha,2022-10-25,"3,7",13376,CLT,Presencial,Não,Inativo,Sim,Desligamento sem Justa Causa,4,"3,64",10,Acidente,4,29,19,"3,6",75,20,Não,3
85,Srta. Liz Guerra,Masculino,27,Solteiro,Técnico,Salvador,BA,Nordeste,CD Salvador,Operações,Conferente,Agatha da Rosa,2018-02-19,"8,4",3184,CLT,Presencial,Não,Ativo,Não,,2,"3,78",0,,52,0,44,"3,6",77,31,Não,29
86,Gustavo Henrique Lopes,Masculino,45,Solteiro,Técnico,Curitiba,PR,Sul,CD Curitiba,Comercial,Assistente,Luna Martins,2019-06-10,"7,1",3569,CLT,Presencial,Não,Ativo,Não,,1,"4,54",10,INSS,46,3,53,"2,6",65,12,Não,21
87,Melina Rocha,Masculino,29,Casado,Fundamental,São Paulo,SP,Sudeste,CD São Paulo,Centro de Distribuição,Auxiliar Operacional,Thomas Melo,2023-07-06,3,2028,CLT,Presencial,Não,Ativo,Não,,2,"2,75",15,Acidente,2,4,19,"2,4",80,20,Não,13
88,Srta. Antonella da Paz,Feminino,42,Casado,Superior,Guarulhos,SP,Sudeste,CD Guarulhos,Centro de Distribuição,Supervisor,Lívia Borges,2024-03-03,"2,3",10806,CLT,Presencial,Não,Inativo,Sim,Desligamento sem Justa Causa,2,"3,9",0,,47,3,44,4,84,25,Não,4
89,Leonardo Câmara,Feminino,30,Solteiro,Superior,Brasília,DF,Centro-Oeste,CD Brasília,Last Mile,Supervisor,Diogo Alves,2018-05-20,"8,1",10959,CLT,Presencial,Não,Ativo,Não,,2,"2,17",15,Licença Médica,20,25,28,"2,6",78,21,Não,23
90,Joaquim Melo,Masculino,27,Solteiro,Fundamental,Guarulhos,SP,Sudeste,CD Guarulhos,Transporte,Analista,Ana Sophia Marques,2018-09-24,"7,8",4975,CLT,Remoto,Não,Ativo,Não,,3,"3,84",2,INSS,52,6,24,4,84,5,Não,14
91,Evelyn Silva,Masculino,30,Casado,Médio,Goiânia,GO,Centro-Oeste,CD Goiânia,Financeiro,Coordenador,Sra. Sabrina Guerra,2021-12-24,"4,5",14986,CLT,Presencial,Não,Ativo,Não,,2,"1,33",0,,25,-11,14,"3,5",84,35,Não,5
92,Diogo Rezende,Feminino,32,Divorciado,Médio,Goiânia,GO,Centro-Oeste,CD Goiânia,Last Mile,Supervisor,Srta. Bianca Vasconcelos,2025-03-20,"1,3",9772,CLT,Presencial,Não,Inativo,Sim,Pedido de Demissão,1,"3,75",10,INSS,49,7,23,"3,2",63,9,Não,15
93,Hellena Cavalcanti,Masculino,35,Solteiro,Médio,Guarulhos,SP,Sudeste,CD Guarulhos,Transporte,Supervisor,Dra. Nicole Aragão,2016-07-23,"9,9",9686,CLT,Presencial,Não,Inativo,Sim,Desligamento sem Justa Causa,0,"2,14",0,,5,27,16,3,61,20,Não,9
94,Isadora Campos,Masculino,29,Solteiro,Superior,São Paulo,SP,Sudeste,CD São Paulo,Financeiro,Analista,Catarina Martins,2016-06-13,"10,1",6836,CLT,Presencial,Não,Ativo,Não,,1,"2,89",0,,57,1,58,"3,4",94,16,Não,1
95,Vitória Novais,Masculino,27,Casado,Médio,Guarulhos,SP,Sudeste,CD Guarulhos,Operações,Conferente,Luiza Sá,2025-12-27,"0,5",2770,CLT,Presencial,Não,Ativo,Não,,1,"2,82",0,,9,-1,35,4,87,3,Não,13
96,Sofia Lima,Feminino,42,Casado,Técnico,Brasília,DF,Centro-Oeste,CD Brasília,Last Mile,Coordenador,Melissa Castro,2023-08-23,"2,9",15869,CLT,Presencial,Não,Ativo,Não,,0,"1,5",5,Licença Médica,20,-16,60,"3,6",74,10,Não,23
97,Sra. Milena da Luz,Feminino,53,Solteiro,Técnico,Curitiba,PR,Sul,CD Curitiba,Operações,Auxiliar Operacional,João Guilherme Vargas,2017-04-29,"9,2",2158,CLT,Presencial,Não,Ativo,Não,,1,"3,93",10,INSS,20,-13,46,"2,5",53,31,Não,27
98,Raquel Pires,Masculino,25,Casado,Médio,Curitiba,PR,Sul,CD Curitiba,Financeiro,Assistente,João Guilherme Macedo,2024-04-25,"2,2",3723,CLT,Presencial,Não,Ativo,Não,,0,"2,57",0,,5,4,12,"3,1",74,32,Não,3
99,João Pedro da Costa,Masculino,37,Solteiro,Médio,Guarulhos,SP,Sudeste,CD Guarulhos,Last Mile,Supervisor,Lucas Gabriel Dias,2025-06-15,1,7981,CLT,Presencial,Não,Ativo,Não,,2,"2,71",2,Licença Médica,4,0,44,"3,3",83,33,Não,8
100,Anna Liz Carvalho,Feminino,35,Solteiro,Superior,Guarulhos,SP,Sudeste,CD Guarulhos,Last Mile,Supervisor,Igor Gomes,2019-01-03,"7,5",8089,CLT,Presencial,Não,Ativo,Não,,1,"6,2",2,Acidente,56,-20,17,"2,1",76,22,Não,30
101,Srta. Hadassa Azevedo,Feminino,41,Casado,Médio,São Paulo,SP,Sudeste,CD São Paulo,Transporte,Analista,Maria Luísa Farias,2021-01-12,"5,5",5145,CLT,Presencial,Não,Ativo,Não,,3,"2,52",5,INSS,37,14,28,"3,1",83,29,Não,30
102,Nina Leão,Feminino,42,Viúvo,Técnico,São Paulo,SP,Sudeste,CD São Paulo,Operações,Auxiliar Operacional,Gustavo Leão,2017-02-27,"9,3",1972,CLT,Presencial,Não,Ativo,Não,,1,"3,23",0,,23,17,45,"2,9",80,39,Não,16
103,Alícia Teixeira,Feminino,24,Viúvo,Técnico,Brasília,DF,Centro-Oeste,CD Brasília,Operações,Auxiliar Operacional,Maria Helena Mendes,2023-11-07,"2,6",1915,CLT,Presencial,Sim,Ativo,Não,,4,"3,69",0,,24,-1,46,"2,8",59,2,Não,11
104,Luiz Gustavo da Rosa,Feminino,18,Solteiro,Médio,São Paulo,SP,Sudeste,CD São Paulo,Operações,Auxiliar Operacional,Mariah Nascimento,2025-08-17,"0,9",2458,CLT,Presencial,Não,Ativo,Não,,2,"3,44",0,,8,36,38,"3,7",83,3,Não,22
105,Dra. Ísis Pereira,Masculino,29,Divorciado,Fundamental,Curitiba,PR,Sul,CD Curitiba,Centro de Distribuição,Conferente,Ryan Câmara,2017-08-01,"8,9",2772,CLT,Presencial,Não,Ativo,Não,,2,"1,62",0,,21,28,44,"2,8",56,39,Não,13
106,Pedro Henrique Mendonça,Feminino,32,Casado,Técnico,Curitiba,PR,Sul,CD Curitiba,Centro de Distribuição,Auxiliar Operacional,Mathias Fernandes,2021-01-21,"5,4",2217,CLT,Presencial,Não,Inativo,Sim,Desligamento sem Justa Causa,3,"3,35",0,,48,38,48,"3,1",65,40,Não,6
107,Maria Luiza Silveira,Feminino,38,Solteiro,Superior,Salvador,BA,Nordeste,CD Salvador,Centro de Distribuição,Supervisor,Ravi Lucca Cardoso,2026-03-19,"0,3",8952,CLT,Híbrido,Não,Ativo,Não,,0,"1,85",2,Acidente,10,6,55,3,84,22,Não,29
108,Yasmin Alves,Masculino,33,Casado,Fundamental,São Paulo,SP,Sudeste,CD São Paulo,Operações,Supervisor,Amanda Barros,2020-09-06,"5,8",10449,CLT,Presencial,Não,Ativo,Não,,4,"1,78",15,INSS,19,30,18,"3,5",63,38,Não,27
109,Mariane Carvalho,Masculino,37,Casado,Fundamental,Campinas,SP,Sudeste,CD Campinas,Operações,Conferente,Emilly Aragão,2017-09-20,"8,8",3174,CLT,Presencial,Não,Ativo,Não,,4,"3,57",0,,1,-3,45,"3,6",97,34,Não,12
110,Mateus Duarte,Masculino,18,Casado,Médio,Salvador,BA,Nordeste,CD Salvador,Operações,Auxiliar Operacional,Rafael Duarte,2026-02-22,"0,4",2017,CLT,Presencial,Não,Ativo,Não,,1,"4,64",2,Acidente,29,-17,46,"3,1",66,0,Não,0
111,Dr. João Lucas Sá,Feminino,35,Casado,Técnico,Recife,PE,Nordeste,CD Recife,Atendimento,Supervisor,Isis Barros,2024-12-17,"1,5",10557,CLT,Presencial,Não,Ativo,Não,,1,"5,5",0,,59,38,12,"2,7",89,10,Não,12
112,Allana Souza,Masculino,40,Solteiro,Pós,Salvador,BA,Nordeste,CD Salvador,Transporte,Supervisor,Ana Júlia Ferreira,2021-07-30,"4,9",10940,CLT,Presencial,Não,Inativo,Sim,Fim de Contrato,1,"2,08",5,Acidente,42,38,56,"2,9",71,16,Não,12
113,Bernardo Vasconcelos,Masculino,18,Solteiro,Médio,Curitiba,PR,Sul,CD Curitiba,Tecnologia,Analista Sênior,Ana Cecília Sá,2024-08-06,"1,9",7340,CLT,Presencial,Não,Ativo,Não,,2,"6,36",5,Acidente,36,3,44,"2,1",68,12,Não,14
114,Josué Costa,Masculino,30,Solteiro,Médio,Recife,PE,Nordeste,CD Recife,Financeiro,Coordenador,Eduardo da Costa,2022-05-09,"4,1",13211,CLT,Presencial,Não,Ativo,Não,,2,"3,48",0,,34,33,30,"3,8",59,10,Não,6
115,Renan Rios,Masculino,34,Casado,Técnico,Brasília,DF,Centro-Oeste,CD Brasília,Operações,Auxiliar Operacional,Henrique Martins,2018-11-09,"7,6",2306,CLT,Presencial,Não,Ativo,Não,,5,"3,18",2,INSS,40,-17,16,"2,5",51,34,Não,15
116,Sra. Maria Eduarda Cavalcante,Masculino,40,Casado,Pós,Curitiba,PR,Sul,CD Curitiba,Jurídico,Gerente,Bruna Vasconcelos,2024-03-07,"2,3",19767,CLT,Híbrido,Sim,Ativo,Não,,5,"0,87",15,INSS,16,14,39,"3,9",39,29,Não,14
117,Leonardo Caldeira,Masculino,42,Casado,Superior,Brasília,DF,Centro-Oeste,CD Brasília,Jurídico,Gerente,Amanda das Neves,2023-10-12,"2,7",20747,CLT,Presencial,Não,Ativo,Não,,3,"3,45",15,Licença Médica,48,-10,44,"2,9",84,7,Não,2
118,Maria Flor Gonçalves,Feminino,33,Solteiro,Superior,Recife,PE,Nordeste,CD Recife,Last Mile,Motorista,Srta. Ana Vitória Pastor,2021-07-08,5,2983,CLT,Presencial,Não,Ativo,Não,,4,"3,57",0,,33,32,48,"3,7",55,0,Não,16
119,Dra. Isabelly Caldeira,Masculino,18,Casado,Técnico,Recife,PE,Nordeste,CD Recife,Last Mile,Motorista,Sra. Bárbara Vieira,2020-04-05,"6,2",4387,CLT,Presencial,Não,Ativo,Não,,1,"4,23",0,,18,-6,31,"2,6",77,29,Não,30
120,Ana Cecília Ferreira,Masculino,29,Solteiro,Superior,Goiânia,GO,Centro-Oeste,CD Goiânia,Operações,Supervisor,Mariane Ribeiro,2023-09-24,"2,8",10414,CLT,Presencial,Não,Ativo,Não,,1,"1,22",0,,17,7,20,"3,2",75,0,Não,10
121,Sr. Thiago Ramos,Feminino,38,Solteiro,Superior,Guarulhos,SP,Sudeste,CD Guarulhos,Operações,Supervisor,Sr. Otto Mendonça,2017-03-03,"9,3",9265,CLT,Híbrido,Não,Ativo,Não,,1,"2,42",0,,3,0,30,"3,6",73,12,Não,4
122,Pedro Fonseca,Masculino,18,Casado,Médio,São Paulo,SP,Sudeste,CD São Paulo,Tecnologia,Gerente,Natália Santos,2025-08-24,"0,9",18519,CLT,Presencial,Não,Ativo,Não,,0,"6,22",0,,46,20,22,"2,9",74,17,Não,4
123,Pedro Henrique Cavalcanti,Feminino,43,Solteiro,Médio,Guarulhos,SP,Sudeste,CD Guarulhos,Financeiro,Coordenador,Dra. Júlia Pimenta,2025-11-08,"0,6",11939,CLT,Presencial,Não,Ativo,Não,,2,"1,82",0,,8,36,58,"4,7",94,9,Não,20
124,Rafaela Martins,Masculino,18,Casado,Técnico,Guarulhos,SP,Sudeste,CD Guarulhos,Operações,Auxiliar Operacional,Juliana Duarte,2017-07-11,9,2435,CLT,Presencial,Sim,Inativo,Sim,Desligamento sem Justa Causa,3,"0,57",0,,12,-4,49,"2,7",72,27,Não,25
125,Caio da Mota,Masculino,35,Solteiro,Médio,Recife,PE,Nordeste,CD Recife,Comercial,Analista,Isabelly Sá,2020-09-01,"5,8",6051,CLT,Presencial,Não,Ativo,Não,,5,"2,1",15,Licença Médica,58,24,31,"2,2",93,3,Não,7
126,Maria Helena Fernandes,Feminino,39,Solteiro,Médio,Recife,PE,Nordeste,CD Recife,Operações,Auxiliar Operacional,Thales Duarte,2023-04-11,"3,2",2470,CLT,Presencial,Não,Ativo,Não,,2,"5,11",0,,33,-8,17,"3,2",75,39,Não,3
127,Ryan Cunha,Masculino,45,Divorciado,Técnico,Campinas,SP,Sudeste,CD Campinas,Transporte,Supervisor,Dr. Luigi da Mota,2018-12-08,"7,6",9408,CLT,Presencial,Não,Ativo,Não,,1,"3,25",15,Acidente,46,40,30,"3,4",88,4,Não,5
128,Kamilly Novais,Masculino,27,Viúvo,Técnico,Salvador,BA,Nordeste,CD Salvador,Operações,Conferente,Valentim Correia,2022-03-07,"4,3",3062,CLT,Híbrido,Não,Ativo,Não,,5,"-0,22",5,Licença Médica,13,4,27,"4,3",79,18,Sim,22
129,Isaque Silveira,Masculino,35,Viúvo,Superior,Guarulhos,SP,Sudeste,CD Guarulhos,Operações,Conferente,Rebeca Novais,2022-01-10,"4,5",2340,CLT,Presencial,Não,Ativo,Não,,1,"2,83",0,,5,-4,29,"3,1",81,23,Não,17
130,Renan Ramos,Masculino,30,Casado,Fundamental,Curitiba,PR,Sul,CD Curitiba,RH,Analista,Sra. Melissa Vieira,2016-05-16,"10,1",6176,CLT,Híbrido,Não,Ativo,Não,,4,"1,7",0,,36,-18,29,"3,6",78,19,Não,20
131,Caleb da Rocha,Masculino,45,Divorciado,Superior,São Paulo,SP,Sudeste,CD São Paulo,Operações,Supervisor,Nathan Sales,2025-05-23,"1,1",8427,CLT,Presencial,Não,Ativo,Não,,0,"3,81",5,Licença Médica,26,37,10,"2,4",71,16,Não,21
132,Leandro Ribeiro,Masculino,26,Divorciado,Pós,São Paulo,SP,Sudeste,CD São Paulo,Comercial,Assistente,Maria Eduarda Melo,2023-08-12,"2,9",3351,CLT,Presencial,Não,Ativo,Não,,2,"0,25",0,,3,-13,50,"4,7",59,18,Não,15
133,Vitória Ferreira,Feminino,44,Casado,Médio,Salvador,BA,Nordeste,CD Salvador,Comercial,Gerente,Luísa Fogaça,2025-10-16,"0,7",19480,CLT,Presencial,Não,Ativo,Não,,0,"-0,26",15,Licença Médica,26,32,50,"3,4",83,5,Não,4
134,Sra. Júlia das Neves,Masculino,45,Casado,Médio,Goiânia,GO,Centro-Oeste,CD Goiânia,Last Mile,Coordenador,Igor Campos,2021-05-11,"5,1",11305,CLT,Presencial,Não,Inativo,Sim,Fim de Contrato,1,"1,43",2,INSS,20,27,56,"2,9",84,35,Não,6
135,Srta. Luara Campos,Feminino,19,Casado,Técnico,Recife,PE,Nordeste,CD Recife,Operações,Conferente,Dra. Ester Correia,2016-11-05,"9,7",2984,CLT,Presencial,Não,Ativo,Não,,1,"2,24",0,,20,-20,34,"2,7",76,35,Não,16
136,Rodrigo da Mota,Feminino,33,Solteiro,Médio,Brasília,DF,Centro-Oeste,CD Brasília,Atendimento,Analista,Dra. Valentina Peixoto,2024-09-02,"1,8",5081,CLT,Híbrido,Não,Ativo,Não,,4,"4,25",15,Licença Médica,38,-18,35,"3,1",74,14,Não,3
137,Carlos Eduardo Correia,Masculino,36,Divorciado,Fundamental,Curitiba,PR,Sul,CD Curitiba,RH,Gerente,Ian Fonseca,2021-04-21,"5,2",19240,CLT,Presencial,Não,Ativo,Não,,4,"3,53",0,,48,4,29,"3,4",90,30,Não,3
138,Kevin Albuquerque,Feminino,35,Solteiro,Médio,Brasília,DF,Centro-Oeste,CD Brasília,Last Mile,Supervisor,Dra. Carolina da Mota,2024-06-20,2,10354,CLT,Híbrido,Não,Ativo,Não,,2,"2,73",15,Acidente,50,12,59,"3,1",67,40,Não,18
139,Benjamim Novaes,Feminino,41,Casado,MBA,Guarulhos,SP,Sudeste,CD Guarulhos,Last Mile,Coordenador,Davi Lucas Porto,2023-02-19,"3,4",13761,CLT,Presencial,Não,Ativo,Não,,1,"3,46",15,Acidente,38,37,14,"3,5",82,27,Não,29
140,Bella Albuquerque,Feminino,50,Casado,Técnico,Guarulhos,SP,Sudeste,CD Guarulhos,Centro de Distribuição,Conferente,Larissa Melo,2020-01-31,"6,4",2365,Temporário,Presencial,Não,Ativo,Não,,0,"3,45",0,,40,17,29,"2,3",76,26,Não,8
141,Maysa Fernandes,Masculino,45,Casado,Médio,Curitiba,PR,Sul,CD Curitiba,Operações,Supervisor,Benjamim da Cunha,2025-09-24,"0,8",7099,CLT,Presencial,Não,Ativo,Não,,0,"5,99",10,Acidente,46,4,19,"3,6",87,14,Não,26
142,Bruna Azevedo,Masculino,21,Casado,Pós,Campinas,SP,Sudeste,CD Campinas,Last Mile,Motorista,Rebeca Barbosa,2019-06-25,7,4243,CLT,Presencial,Não,Inativo,Sim,Pedido de Demissão,2,"0,97",0,,21,6,59,"4,2",81,34,Não,19
143,Ana Júlia Cassiano,Feminino,37,Casado,Superior,São Paulo,SP,Sudeste,CD São Paulo,Last Mile,Coordenador,Kevin Barros,2017-01-01,"9,5",14751,CLT,Presencial,Não,Ativo,Não,,1,"2,53",0,,14,12,55,"4,2",56,4,Não,10
144,Dante Novais,Feminino,32,Casado,Médio,Recife,PE,Nordeste,CD Recife,Operações,Supervisor,Heloisa Vasconcelos,2018-08-03,"7,9",9551,CLT,Presencial,Não,Ativo,Não,,2,"2,62",10,Acidente,2,21,26,"2,7",85,8,Não,28
145,Maria Helena Machado,Masculino,43,Casado,Superior,Goiânia,GO,Centro-Oeste,CD Goiânia,Centro de Distribuição,Auxiliar Operacional,Letícia Pastor,2019-10-24,"6,7",2579,CLT,Presencial,Não,Ativo,Não,,0,"4,94",0,,59,13,31,"2,8",72,10,Não,25
146,Lorena Nunes,Masculino,41,Solteiro,Técnico,Brasília,DF,Centro-Oeste,CD Brasília,Operações,Conferente,Ana Liz Pimenta,2016-05-14,"10,1",2913,Temporário,Presencial,Não,Ativo,Não,,3,"3,43",0,,60,-9,36,3,73,22,Não,24
147,Srta. Giovanna Pires,Feminino,22,Solteiro,Médio,Guarulhos,SP,Sudeste,CD Guarulhos,Transporte,Supervisor,João Ribeiro,2021-09-30,"4,8",9876,CLT,Presencial,Não,Ativo,Não,,2,"1,96",5,INSS,23,-4,21,"3,9",65,22,Não,15
148,Emanuel da Costa,Feminino,36,Solteiro,Fundamental,Goiânia,GO,Centro-Oeste,CD Goiânia,Last Mile,Motorista,Yuri Barbosa,2023-08-05,"2,9",3520,CLT,Presencial,Não,Ativo,Não,,0,"2,84",10,Acidente,8,26,60,"2,9",95,35,Não,1
149,Alexandre Jesus,Masculino,48,Divorciado,Superior,Salvador,BA,Nordeste,CD Salvador,Centro de Distribuição,Supervisor,Olivia da Rocha,2026-04-08,"0,2",8959,CLT,Presencial,Não,Ativo,Não,,3,"2,82",10,Acidente,54,-8,57,"2,5",68,28,Não,6
150,Igor da Paz,Masculino,32,Casado,Fundamental,São Paulo,SP,Sudeste,CD São Paulo,Operações,Conferente,Sra. Mirella Barbosa,2016-03-11,"10,3",2964,CLT,Presencial,Não,Ativo,Não,,5,"3,43",0,,12,1,25,"3,3",74,40,Não,18
151,Isabel da Luz,Masculino,33,Casado,Pós,São Paulo,SP,Sudeste,CD São Paulo,Operações,Conferente,Fernanda Lima,2019-05-07,"7,2",2759,CLT,Presencial,Não,Ativo,Não,,1,"4,03",15,Acidente,13,-6,37,"3,4",66,17,Não,1
152,Yago Câmara,Feminino,48,Solteiro,Médio,Goiânia,GO,Centro-Oeste,CD Goiânia,Centro de Distribuição,Conferente,Clarice da Mata,2017-06-15,9,3042,CLT,Presencial,Sim,Ativo,Não,,2,"0,68",10,INSS,28,7,40,"3,6",84,33,Não,28
153,Brayan Araújo,Feminino,38,Casado,Superior,Curitiba,PR,Sul,CD Curitiba,Operações,Auxiliar Operacional,Leandro Peixoto,2019-03-05,"7,3",2482,CLT,Presencial,Não,Ativo,Não,,1,"3,94",15,INSS,8,10,12,"3,7",64,20,Não,25
154,Dra. Laura Macedo,Masculino,28,Casado,Pós,Recife,PE,Nordeste,CD Recife,Comercial,Assistente,Ravi Lucca Sales,2020-02-02,"6,4",3099,CLT,Presencial,Não,Ativo,Não,,0,"2,47",0,,41,30,35,"2,1",66,22,Não,17
155,Nathan da Mata,Feminino,27,Casado,Médio,Brasília,DF,Centro-Oeste,CD Brasília,Atendimento,Assistente,Ágatha Monteiro,2021-10-10,"4,7",3667,CLT,Presencial,Não,Ativo,Não,,6,"5,86",5,Licença Médica,37,-13,10,"3,5",67,36,Não,30
156,Anna Liz Peixoto,Feminino,35,Casado,Médio,Recife,PE,Nordeste,CD Recife,Operações,Auxiliar Operacional,Pedro Sousa,2017-08-30,"8,8",1976,CLT,Presencial,Não,Ativo,Não,,1,"3,67",10,Licença Médica,34,27,36,"3,9",57,19,Não,11
157,Dr. Apollo Borges,Feminino,18,Casado,Médio,Campinas,SP,Sudeste,CD Campinas,Transporte,Supervisor,Antônio Teixeira,2022-12-02,"3,6",7165,CLT,Híbrido,Não,Inativo,Sim,Fim de Contrato,1,"2,78",5,Acidente,60,22,44,"2,9",82,2,Não,15
158,Juliana Oliveira,Feminino,37,Casado,Superior,Guarulhos,SP,Sudeste,CD Guarulhos,Centro de Distribuição,Auxiliar Operacional,Erick Melo,2016-12-04,"9,6",2550,Temporário,Presencial,Não,Ativo,Não,,3,"3,03",0,,24,28,51,"2,9",62,19,Não,5
159,Melina da Mota,Masculino,30,Casado,Pós,Brasília,DF,Centro-Oeste,CD Brasília,Centro de Distribuição,Supervisor,Pedro Henrique Porto,2022-02-14,"4,4",8205,CLT,Presencial,Não,Ativo,Não,,1,"3,69",0,,17,-9,31,"3,1",76,21,Não,17
160,Ayla Melo,Feminino,26,Solteiro,Médio,Salvador,BA,Nordeste,CD Salvador,Last Mile,Motorista,Dr. Lucas Gabriel Duarte,2017-10-15,"8,7",3604,CLT,Presencial,Não,Ativo,Não,,1,"5,5",10,INSS,49,22,31,"3,6",100,19,Não,7
161,Bella Castro,Masculino,37,Solteiro,Médio,Salvador,BA,Nordeste,CD Salvador,Operações,Conferente,Dr. Thales da Paz,2026-05-20,"0,1",3004,CLT,Presencial,Não,Ativo,Não,,2,"1,28",15,Acidente,19,-1,48,"3,7",77,11,Não,16
162,Maria Liz Teixeira,Feminino,28,Divorciado,Fundamental,Salvador,BA,Nordeste,CD Salvador,Last Mile,Supervisor,Ana Carolina Marques,2018-07-13,8,7782,CLT,Híbrido,Não,Ativo,Não,,2,"4,32",0,,18,19,20,"3,5",74,7,Não,28
163,Levi da Cunha,Feminino,36,Solteiro,MBA,Goiânia,GO,Centro-Oeste,CD Goiânia,Operações,Conferente,Sr. Nathan Moraes,2025-11-20,"0,6",2575,CLT,Presencial,Não,Ativo,Não,,2,"1,97",0,,48,17,19,"2,5",78,39,Não,13
164,Vitor Hugo Martins,Masculino,24,Casado,Técnico,Goiânia,GO,Centro-Oeste,CD Goiânia,Transporte,Analista,Ana Júlia Correia,2024-10-21,"1,7",5471,CLT,Presencial,Não,Ativo,Não,,5,"-0,26",0,,0,-3,22,"3,3",47,15,Não,8
165,Maria Cecília Pinto,Masculino,43,Divorciado,Superior,Campinas,SP,Sudeste,CD Campinas,Centro de Distribuição,Conferente,Melina Teixeira,2022-10-27,"3,7",2589,CLT,Presencial,Não,Ativo,Não,,2,"2,45",15,Acidente,6,4,22,"3,3",75,31,Não,26
166,Gustavo da Mata,Feminino,38,Divorciado,Técnico,Brasília,DF,Centro-Oeste,CD Brasília,Operações,Conferente,Caroline da Paz,2016-08-07,"9,9",2384,CLT,Presencial,Não,Ativo,Não,,3,"2,64",0,,52,-16,34,"2,6",72,40,Não,30
167,Raquel Campos,Feminino,23,Solteiro,Técnico,Curitiba,PR,Sul,CD Curitiba,Operações,Conferente,Isaque Santos,2025-09-28,"0,8",3172,CLT,Presencial,Não,Ativo,Não,,0,"3,5",0,,21,25,17,"4,1",67,7,Não,26
168,Leonardo Novaes,Masculino,30,Casado,Médio,Recife,PE,Nordeste,CD Recife,Operações,Supervisor,Yuri Jesus,2025-01-13,"1,5",9004,CLT,Presencial,Não,Ativo,Não,,2,"4,49",10,INSS,48,23,40,"3,7",91,22,Não,19
169,Henry Gabriel Camargo,Masculino,37,Solteiro,Médio,Curitiba,PR,Sul,CD Curitiba,Operações,Auxiliar Operacional,Bárbara Ramos,2023-05-20,"3,1",2220,CLT,Presencial,Não,Ativo,Não,,2,"2,83",2,Licença Médica,53,37,38,"3,5",64,20,Não,20
170,Theo Silva,Feminino,39,Solteiro,Técnico,Salvador,BA,Nordeste,CD Salvador,Financeiro,Analista,Thomas Santos,2018-08-03,"7,9",6731,CLT,Presencial,Não,Ativo,Não,,3,"5,07",0,,37,37,22,"3,3",77,31,Não,16
171,Oliver Mendes,Feminino,27,Casado,Pós,Curitiba,PR,Sul,CD Curitiba,Last Mile,Coordenador,Isabelly Marques,2020-02-26,"6,3",15567,CLT,Híbrido,Não,Ativo,Não,,0,"1,29",0,,18,-5,21,"2,6",59,30,Não,23
172,Clara Gomes,Feminino,44,Solteiro,Superior,São Paulo,SP,Sudeste,CD São Paulo,Transporte,Motorista,Thomas Souza,2025-10-22,"0,7",3150,CLT,Presencial,Não,Ativo,Não,,1,"1,52",5,Acidente,33,33,34,"3,7",73,1,Não,29
173,Bernardo da Mota,Masculino,18,Casado,Médio,São Paulo,SP,Sudeste,CD São Paulo,Atendimento,Assistente,Manuela Viana,2018-05-01,"8,2",3588,CLT,Presencial,Não,Ativo,Não,,0,"3,1",2,INSS,48,23,56,"3,3",74,22,Não,3
174,Juliana Abreu,Masculino,42,Solteiro,Fundamental,Curitiba,PR,Sul,CD Curitiba,Centro de Distribuição,Auxiliar Operacional,Kaique Pastor,2018-01-08,"8,5",2448,CLT,Remoto,Não,Ativo,Não,,0,"4,98",0,,21,27,11,"3,5",66,0,Não,7
175,Rebeca Cassiano,Feminino,18,Solteiro,Fundamental,Campinas,SP,Sudeste,CD Campinas,Operações,Conferente,Zoe Mendes,2021-07-04,5,2787,CLT,Presencial,Não,Ativo,Não,,1,"1,34",10,INSS,43,21,51,"3,5",64,20,Não,14
176,Dr. Yuri Teixeira,Masculino,34,Casado,Superior,Campinas,SP,Sudeste,CD Campinas,Financeiro,Analista,Maria Flor Marques,2021-07-21,"4,9",6913,CLT,Presencial,Não,Ativo,Não,,3,"3,88",0,,15,39,15,"3,1",64,4,Não,21
177,Sr. Isaque Oliveira,Feminino,21,Divorciado,Superior,São Paulo,SP,Sudeste,CD São Paulo,Operações,Supervisor,Isabel Vasconcelos,2021-05-07,"5,2",9950,CLT,Presencial,Não,Ativo,Não,,2,"2,62",0,,25,-2,29,"3,5",88,35,Não,2
178,Ana Clara Dias,Feminino,19,Solteiro,Médio,Recife,PE,Nordeste,CD Recife,Centro de Distribuição,Auxiliar Operacional,Sra. Maria Helena Gomes,2016-05-24,"10,1",2086,CLT,Híbrido,Não,Ativo,Não,,1,"1,64",5,INSS,6,-19,40,"3,3",78,2,Não,21
179,Clarice Monteiro,Masculino,23,Casado,Técnico,Campinas,SP,Sudeste,CD Campinas,Transporte,Supervisor,Davi Lucas Montenegro,2022-01-15,"4,5",8220,CLT,Presencial,Não,Inativo,Sim,Fim de Contrato,2,"3,34",15,INSS,8,35,55,"3,1",95,3,Não,28
180,Luísa Brito,Masculino,48,Solteiro,Superior,Guarulhos,SP,Sudeste,CD Guarulhos,Atendimento,Analista,Beatriz Moura,2019-12-18,"6,5",5716,CLT,Presencial,Não,Ativo,Não,,1,"1,56",0,,57,39,21,"3,1",66,22,Não,13
181,Alice Silveira,Feminino,30,Casado,Médio,Campinas,SP,Sudeste,CD Campinas,Last Mile,Motorista,Nicolas Rezende,2025-01-17,"1,5",4409,CLT,Presencial,Não,Ativo,Não,,0,"2,8",15,Acidente,8,20,34,"2,7",79,13,Não,2
182,Breno Melo,Feminino,18,Solteiro,Técnico,Guarulhos,SP,Sudeste,CD Guarulhos,Centro de Distribuição,Conferente,Lucca Pinto,2021-11-16,"4,6",2461,CLT,Presencial,Não,Ativo,Não,,3,"2,92",0,,10,5,36,"3,2",90,26,Não,14
183,Sra. Anna Liz Farias,Masculino,28,Solteiro,Fundamental,Goiânia,GO,Centro-Oeste,CD Goiânia,Operações,Supervisor,Yasmin Garcia,2021-03-17,"5,3",7089,CLT,Presencial,Não,Ativo,Não,,1,"3,04",10,Acidente,54,-5,23,"3,1",62,9,Não,6
184,Dr. Vitor Hugo Andrade,Masculino,40,Solteiro,Médio,Recife,PE,Nordeste,CD Recife,Operações,Auxiliar Operacional,Ana Lívia da Costa,2023-10-15,"2,7",2063,CLT,Presencial,Não,Ativo,Não,,3,"4,39",5,INSS,2,22,38,"3,4",83,35,Não,21
185,Laura da Conceição,Feminino,43,Solteiro,Médio,Curitiba,PR,Sul,CD Curitiba,Transporte,Supervisor,Srta. Maya Brito,2018-04-20,"8,2",9685,CLT,Presencial,Sim,Ativo,Não,,1,"3,63",15,Licença Médica,38,-12,51,"2,7",81,30,Não,6
186,Beatriz Macedo,Masculino,21,Solteiro,Técnico,Salvador,BA,Nordeste,CD Salvador,Operações,Conferente,Kaique Alves,2019-03-28,"7,3",2343,CLT,Presencial,Não,Ativo,Não,,1,"4,4",5,INSS,34,0,13,"3,4",52,6,Não,25
187,Luan Vieira,Feminino,30,Divorciado,Médio,São Paulo,SP,Sudeste,CD São Paulo,Centro de Distribuição,Supervisor,Juan Fogaça,2025-01-09,"1,5",7194,CLT,Presencial,Não,Ativo,Não,,3,"3,13",2,Acidente,10,4,41,3,71,9,Não,27
188,Dr. Diogo da Cruz,Masculino,27,Casado,Pós,Recife,PE,Nordeste,CD Recife,Atendimento,Assistente,Maria Sophia Nunes,2018-10-12,"7,7",3896,CLT,Presencial,Não,Ativo,Não,,1,"1,83",5,INSS,40,39,11,"3,6",89,0,Não,18
189,Emilly Cavalcante,Masculino,28,Solteiro,Técnico,Campinas,SP,Sudeste,CD Campinas,Centro de Distribuição,Conferente,Bruno Pimenta,2019-11-10,"6,6",3109,CLT,Presencial,Não,Ativo,Não,,6,"2,5",5,Licença Médica,30,24,45,4,75,19,Não,17
190,Isabella Monteiro,Masculino,35,Divorciado,Superior,Brasília,DF,Centro-Oeste,CD Brasília,Centro de Distribuição,Supervisor,Cecília da Conceição,2016-05-02,"10,2",9364,CLT,Presencial,Não,Ativo,Não,,3,"3,28",10,Acidente,15,31,32,"2,7",72,39,Não,26
191,Jade Marques,Feminino,40,Solteiro,Técnico,São Paulo,SP,Sudeste,CD São Paulo,Operações,Supervisor,Anthony Martins,2019-06-22,7,10861,CLT,Remoto,Não,Ativo,Não,,2,"3,7",10,Acidente,30,11,20,"2,1",100,38,Não,14
192,Yago Castro,Masculino,45,Casado,Superior,Recife,PE,Nordeste,CD Recife,Tecnologia,Gerente,Pedro Miguel Ferreira,2021-10-02,"4,7",20744,CLT,Presencial,Não,Ativo,Não,,5,"0,48",0,,25,24,52,"3,1",74,12,Não,12
193,Letícia Porto,Feminino,34,Casado,Técnico,Curitiba,PR,Sul,CD Curitiba,Operações,Conferente,Isis Marques,2021-09-30,"4,8",2219,CLT,Presencial,Não,Ativo,Não,,1,"4,79",2,INSS,46,-10,35,"3,3",63,26,Não,10
194,Gael Henrique Gomes,Masculino,38,Casado,Médio,Campinas,SP,Sudeste,CD Campinas,Operações,Supervisor,Bianca da Costa,2020-01-11,"6,5",7266,CLT,Remoto,Não,Ativo,Não,,3,"1,16",0,,5,32,33,"2,8",90,15,Não,24
195,Maria Alice Oliveira,Feminino,41,Solteiro,Médio,Salvador,BA,Nordeste,CD Salvador,Tecnologia,Analista,Juan Almeida,2025-12-16,"0,5",5246,Temporário,Presencial,Não,Ativo,Não,,2,"3,98",15,INSS,56,9,37,"3,2",73,16,Não,2
196,Maria Laura da Mota,Feminino,18,Casado,Médio,Curitiba,PR,Sul,CD Curitiba,Centro de Distribuição,Conferente,Benicio Pereira,2024-08-30,"1,8",2368,CLT,Presencial,Não,Ativo,Não,,0,"1,31",10,INSS,44,6,42,"2,3",60,0,Não,11
197,Sra. Laura Vasconcelos,Feminino,44,Casado,Fundamental,Curitiba,PR,Sul,CD Curitiba,Transporte,Analista,Luiz Gustavo Câmara,2018-07-01,8,5806,CLT,Presencial,Não,Ativo,Não,,4,"4,7",0,,3,18,57,"4,2",68,25,Não,15
198,Esther Pinto,Masculino,40,Solteiro,Médio,Salvador,BA,Nordeste,CD Salvador,Centro de Distribuição,Conferente,Davi Miguel Pires,2019-07-25,"6,9",2300,CLT,Remoto,Sim,Ativo,Não,,1,"0,66",5,Licença Médica,10,-9,39,"2,8",65,26,Não,6
199,Asafe das Neves,Masculino,33,Casado,Pós,Curitiba,PR,Sul,CD Curitiba,Jurídico,Analista,Ana Beatriz Pacheco,2020-11-17,"5,6",6911,CLT,Presencial,Não,Ativo,Não,,3,"2,12",2,Acidente,28,23,15,3,58,24,Não,22
200,Sr. Caleb da Rocha,Masculino,39,Solteiro,Superior,Campinas,SP,Sudeste,CD Campinas,Centro de Distribuição,Supervisor,Dr. Erick Costa,2016-05-23,"10,1",10322,CLT,Presencial,Não,Ativo,Não,,1,"5,73",15,Licença Médica,30,7,38,"3,8",81,14,Não,2
201,Vitor Hugo Fonseca,Feminino,44,Viúvo,Médio,Salvador,BA,Nordeste,CD Salvador,Operações,Supervisor,Sarah da Mata,2017-08-11,"8,9",9381,Temporário,Presencial,Não,Ativo,Não,,0,"0,08",2,Acidente,28,20,31,"3,1",100,23,Não,16
202,José Miguel Mendes,Masculino,40,Casado,Médio,Guarulhos,SP,Sudeste,CD Guarulhos,Last Mile,Motorista,Lucca Camargo,2020-02-23,"6,4",2970,CLT,Presencial,Sim,Ativo,Não,,1,"1,91",2,Licença Médica,15,7,27,"3,9",83,27,Não,18
203,Ana Vitória Casa Grande,Masculino,32,Solteiro,Superior,São Paulo,SP,Sudeste,CD São Paulo,Transporte,Supervisor,Miguel Novais,2022-03-29,"4,3",8089,CLT,Presencial,Não,Ativo,Não,,4,"3,17",15,INSS,31,18,35,"3,5",72,13,Não,21
204,Sr. Miguel Albuquerque,Masculino,38,Casado,Fundamental,São Paulo,SP,Sudeste,CD São Paulo,Last Mile,Motorista,Vitor Gabriel Campos,2017-07-16,9,3209,CLT,Presencial,Não,Ativo,Não,,3,"2,68",2,Acidente,42,7,57,"3,8",80,34,Não,27
205,Maria Eduarda Rocha,Masculino,22,Casado,Superior,Curitiba,PR,Sul,CD Curitiba,Jurídico,Gerente,Dra. Julia Pacheco,2020-01-02,"6,5",18375,CLT,Presencial,Não,Ativo,Não,,1,"1,72",0,,54,2,36,"4,2",62,17,Não,23
206,Maria Fernanda Caldeira,Masculino,40,Casado,Técnico,Guarulhos,SP,Sudeste,CD Guarulhos,Last Mile,Coordenador,Isabel Melo,2019-03-04,"7,3",14731,CLT,Presencial,Não,Ativo,Não,,2,"3,69",5,Licença Médica,49,-15,20,3,84,37,Não,5
207,Luan Pimenta,Feminino,18,Casado,Superior,Guarulhos,SP,Sudeste,CD Guarulhos,Operações,Conferente,Benício Porto,2019-04-06,"7,2",3195,CLT,Presencial,Não,Ativo,Não,,2,"1,93",0,,2,2,28,"2,7",89,24,Não,15
208,Liz Rezende,Feminino,53,Casado,Fundamental,São Paulo,SP,Sudeste,CD São Paulo,Operações,Auxiliar Operacional,Bruna Carvalho,2024-07-10,2,1947,CLT,Presencial,Não,Ativo,Não,,2,"2,14",0,,18,40,18,"3,1",58,30,Não,14
209,Arthur Miguel da Rosa,Masculino,26,Divorciado,Fundamental,Recife,PE,Nordeste,CD Recife,Transporte,Motorista,Bruna Brito,2019-03-06,"7,3",4189,CLT,Presencial,Sim,Ativo,Não,,1,"5,6",0,,25,15,22,"2,4",87,11,Não,4
210,Vitor Gabriel Carvalho,Masculino,21,Divorciado,Médio,Curitiba,PR,Sul,CD Curitiba,Operações,Auxiliar Operacional,Mirella Freitas,2016-07-17,10,2333,CLT,Presencial,Não,Ativo,Não,,4,"2,6",15,Licença Médica,1,14,27,"3,6",58,10,Não,21
211,Ágatha Leão,Feminino,29,Casado,Médio,Campinas,SP,Sudeste,CD Campinas,Transporte,Motorista,Daniela Leão,2020-10-15,"5,7",4290,Temporário,Presencial,Não,Ativo,Não,,0,"3,95",0,,58,26,49,"2,9",87,7,Não,17
212,Beatriz Mendonça,Masculino,31,Casado,Médio,Guarulhos,SP,Sudeste,CD Guarulhos,Transporte,Supervisor,Maria Luísa da Mota,2019-07-20,7,10454,CLT,Presencial,Não,Ativo,Não,,1,"2,79",15,INSS,44,5,57,"3,4",73,20,Não,21
213,Léo Cunha,Masculino,44,Casado,Médio,Campinas,SP,Sudeste,CD Campinas,Last Mile,Supervisor,Melina da Costa,2019-09-13,"6,8",7378,CLT,Presencial,Não,Ativo,Não,,2,"3,5",0,,50,2,50,"3,3",85,10,Não,9
214,Sr. Léo Nogueira,Feminino,33,Casado,Superior,Goiânia,GO,Centro-Oeste,CD Goiânia,Centro de Distribuição,Conferente,Maria Alice Araújo,2020-02-16,"6,4",2516,CLT,Presencial,Não,Ativo,Não,,0,"6,18",5,Acidente,36,29,23,"3,4",83,14,Não,14
215,Kamilly Correia,Feminino,30,Solteiro,Fundamental,Guarulhos,SP,Sudeste,CD Guarulhos,Tecnologia,Gerente,Rafael Borges,2023-10-22,"2,7",21848,CLT,Presencial,Não,Ativo,Não,,1,"2,7",0,,54,-3,16,"2,5",91,28,Não,22
216,Hadassa Ramos,Masculino,29,Casado,Técnico,São Paulo,SP,Sudeste,CD São Paulo,Centro de Distribuição,Auxiliar Operacional,Alícia Aragão,2017-07-03,9,2524,CLT,Presencial,Sim,Ativo,Não,,4,"2,69",5,Licença Médica,13,-16,29,"3,1",81,15,Não,18
217,Sr. Davi Lucas Viana,Feminino,36,Divorciado,Médio,Recife,PE,Nordeste,CD Recife,Operações,Auxiliar Operacional,Gabrielly Azevedo,2019-12-20,"6,5",2115,CLT,Presencial,Não,Ativo,Não,,2,"4,02",10,INSS,56,34,45,"2,5",71,5,Não,29
218,Giovanna Pastor,Masculino,43,Divorciado,Superior,Guarulhos,SP,Sudeste,CD Guarulhos,Operações,Supervisor,Igor Farias,2023-12-31,"2,5",10253,CLT,Presencial,Não,Ativo,Não,,4,"2,64",5,Licença Médica,23,-20,13,3,81,28,Não,20
219,Alexandre da Mota,Masculino,29,Casado,Pós,Campinas,SP,Sudeste,CD Campinas,Centro de Distribuição,Auxiliar Operacional,Davi Lucca Nogueira,2019-12-25,"6,5",2025,CLT,Presencial,Não,Ativo,Não,,1,"0,76",0,,11,34,26,"3,5",60,37,Não,13
220,Erick Camargo,Masculino,34,Casado,Médio,Salvador,BA,Nordeste,CD Salvador,Last Mile,Coordenador,Amanda Cardoso,2025-08-12,"0,9",11060,CLT,Presencial,Não,Ativo,Não,,2,"1,52",0,,21,38,32,"3,9",59,6,Não,11
221,Luiz Henrique Vieira,Feminino,30,Casado,Superior,Guarulhos,SP,Sudeste,CD Guarulhos,Centro de Distribuição,Supervisor,Lorenzo Almeida,2023-11-01,"2,7",9847,CLT,Presencial,Não,Ativo,Não,,2,"4,59",0,,44,12,32,"1,8",64,22,Não,25
222,João Aragão,Masculino,35,Casado,Técnico,Curitiba,PR,Sul,CD Curitiba,Operações,Supervisor,Otto Moura,2016-01-27,"10,4",7805,CLT,Presencial,Não,Ativo,Não,,1,"3,92",0,,25,13,42,"3,9",97,40,Não,8
223,Benício Melo,Masculino,39,Casado,Médio,Guarulhos,SP,Sudeste,CD Guarulhos,Atendimento,Supervisor,Maria Cecília Moraes,2021-09-10,"4,8",10168,CLT,Presencial,Não,Ativo,Não,,3,"1,5",15,INSS,30,6,37,"2,6",86,16,Não,13
224,Bianca Machado,Feminino,25,Solteiro,Técnico,Guarulhos,SP,Sudeste,CD Guarulhos,Centro de Distribuição,Conferente,Hellena Pimenta,2017-09-30,"8,8",2626,CLT,Presencial,Não,Ativo,Não,,1,"0,07",2,INSS,35,3,46,"3,5",88,1,Não,24
225,Vicente da Rosa,Feminino,26,Casado,Médio,Curitiba,PR,Sul,CD Curitiba,Operações,Auxiliar Operacional,Ana Araújo,2025-05-01,"1,2",1913,CLT,Presencial,Não,Ativo,Não,,3,"3,33",15,Licença Médica,16,-6,36,"2,9",87,14,Não,27
226,Maria Liz Lima,Feminino,18,Divorciado,Técnico,Guarulhos,SP,Sudeste,CD Guarulhos,Operações,Supervisor,Bianca Mendonça,2021-05-25,"5,1",11000,CLT,Presencial,Não,Ativo,Não,,5,"0,62",0,,25,15,25,"2,8",73,23,Não,28
227,Sra. Ana Sophia Barros,Feminino,53,Solteiro,Médio,São Paulo,SP,Sudeste,CD São Paulo,Last Mile,Motorista,Sr. Benício Cardoso,2025-11-17,"0,6",4157,CLT,Presencial,Não,Ativo,Não,,4,"2,11",15,INSS,9,9,58,"3,1",71,11,Não,25
228,Yan Silva,Masculino,41,Casado,Técnico,Salvador,BA,Nordeste,CD Salvador,Centro de Distribuição,Auxiliar Operacional,Dr. Vinícius da Rocha,2020-10-17,"5,7",2495,CLT,Híbrido,Não,Inativo,Sim,Desligamento sem Justa Causa,3,"3,26",0,,33,23,55,"4,5",60,5,Não,12
229,Sofia Pereira,Feminino,39,Solteiro,Médio,Guarulhos,SP,Sudeste,CD Guarulhos,Atendimento,Analista,Beatriz Vieira,2017-06-07,"9,1",4642,CLT,Presencial,Não,Ativo,Não,,2,"4,15",15,Acidente,51,-4,35,"3,8",70,20,Não,7
230,Srta. Helena Lopes,Feminino,46,Solteiro,Superior,Salvador,BA,Nordeste,CD Salvador,Transporte,Supervisor,Heloísa Jesus,2020-06-29,6,10806,CLT,Presencial,Não,Ativo,Não,,1,"1,71",0,,23,1,13,4,76,17,Não,4
231,Dr. Murilo Leão,Feminino,18,Casado,Médio,Guarulhos,SP,Sudeste,CD Guarulhos,Operações,Auxiliar Operacional,Srta. Luara Lima,2018-05-15,"8,1",2111,CLT,Presencial,Não,Ativo,Não,,4,"2,85",15,Licença Médica,5,9,48,"2,8",79,19,Não,23
232,Dr. Marcelo Cassiano,Masculino,29,Solteiro,Superior,São Paulo,SP,Sudeste,CD São Paulo,Transporte,Motorista,Olívia Azevedo,2017-02-13,"9,4",4071,CLT,Presencial,Não,Ativo,Não,,3,"3,42",0,,37,-9,57,"3,3",77,26,Não,9
233,Bryan Borges,Masculino,38,Divorciado,Médio,Brasília,DF,Centro-Oeste,CD Brasília,Centro de Distribuição,Conferente,Aylla Souza,2020-11-04,"5,7",2886,CLT,Presencial,Não,Ativo,Não,,2,"4,57",10,Acidente,25,3,17,"3,2",96,29,Não,11
234,Sra. Caroline Novais,Feminino,39,Solteiro,Médio,Curitiba,PR,Sul,CD Curitiba,Operações,Supervisor,Lucas Rios,2016-06-25,10,8274,CLT,Presencial,Não,Ativo,Não,,0,"2,56",5,Licença Médica,10,-13,27,"4,1",85,4,Não,25
235,Noah Fogaça,Masculino,37,Casado,Superior,Campinas,SP,Sudeste,CD Campinas,Centro de Distribuição,Auxiliar Operacional,Mariana Silveira,2020-12-25,"5,5",2538,CLT,Híbrido,Não,Ativo,Não,,0,"2,3",2,INSS,2,19,18,"4,2",95,31,Não,14
236,João Pedro Peixoto,Feminino,36,Casado,Médio,Campinas,SP,Sudeste,CD Campinas,Comercial,Assistente,Luiz Gustavo Caldeira,2025-04-24,"1,2",3509,CLT,Presencial,Não,Ativo,Não,,0,"2,56",0,,51,8,30,"3,3",78,26,Não,6
237,Sofia Cunha,Masculino,18,Casado,Técnico,Campinas,SP,Sudeste,CD Campinas,Operações,Supervisor,Rodrigo Câmara,2024-10-20,"1,7",7098,CLT,Híbrido,Não,Ativo,Não,,4,"2,48",5,INSS,29,12,16,"4,1",76,40,Não,7
238,Luiz Fernando Novais,Feminino,47,Viúvo,Médio,Guarulhos,SP,Sudeste,CD Guarulhos,Atendimento,Supervisor,Sr. João Lucas Oliveira,2020-09-02,"5,8",8443,CLT,Presencial,Não,Ativo,Não,,3,"2,95",10,Acidente,56,-7,13,"2,4",85,28,Não,8
239,Paulo Novais,Feminino,51,Solteiro,Médio,Goiânia,GO,Centro-Oeste,CD Goiânia,Operações,Conferente,Amanda Pereira,2024-06-26,2,3118,CLT,Presencial,Não,Ativo,Não,,1,"2,31",0,,41,3,49,"2,3",84,30,Não,14
240,Juliana Alves,Masculino,41,Solteiro,Médio,Campinas,SP,Sudeste,CD Campinas,Transporte,Supervisor,João Gabriel Sampaio,2026-01-29,"0,4",7706,CLT,Presencial,Não,Ativo,Não,,1,"4,11",15,Licença Médica,54,34,30,"3,3",73,3,Não,30
241,Lucca Ferreira,Masculino,26,Solteiro,Médio,Goiânia,GO,Centro-Oeste,CD Goiânia,Comercial,Analista,Fernando Casa Grande,2025-01-30,"1,4",4518,CLT,Presencial,Não,Ativo,Não,,2,"2,71",5,Licença Médica,52,-11,41,"2,1",67,40,Não,12
242,Maria Liz Azevedo,Feminino,36,Casado,Fundamental,Guarulhos,SP,Sudeste,CD Guarulhos,Operações,Conferente,Arthur Borges,2020-03-25,"6,3",2344,CLT,Presencial,Não,Ativo,Não,,2,"4,84",0,,37,15,59,"2,6",79,32,Não,12
243,Dra. Helena Garcia,Masculino,44,Divorciado,Pós,Salvador,BA,Nordeste,CD Salvador,Last Mile,Motorista,Mirella Fernandes,2022-03-18,"4,3",3782,CLT,Presencial,Não,Ativo,Não,,1,"1,35",0,,42,26,15,"4,7",56,28,Não,18
244,Léo das Neves,Feminino,51,Solteiro,Médio,Recife,PE,Nordeste,CD Recife,Centro de Distribuição,Auxiliar Operacional,Sra. Antonella Aragão,2019-11-11,"6,6",2396,CLT,Presencial,Não,Ativo,Não,,1,"2,41",15,Licença Médica,41,21,51,"3,2",72,19,Não,8
245,Emanuel Sá,Masculino,18,Solteiro,Pós,Guarulhos,SP,Sudeste,CD Guarulhos,Operações,Supervisor,Ana Julia Rocha,2017-07-28,"8,9",10780,CLT,Presencial,Não,Ativo,Não,,1,"2,22",10,Acidente,35,-16,27,"3,6",85,18,Não,11
246,João Gabriel Macedo,Masculino,46,Solteiro,Superior,Brasília,DF,Centro-Oeste,CD Brasília,Operações,Conferente,Mariana Mendonça,2026-05-14,"0,1",2721,CLT,Presencial,Não,Ativo,Não,,3,"3,06",0,,34,-3,48,"3,1",63,28,Não,17
247,Melina Leão,Masculino,29,Casado,Técnico,Goiânia,GO,Centro-Oeste,CD Goiânia,Comercial,Analista,Henrique Sá,2020-11-24,"5,6",5921,CLT,Presencial,Não,Ativo,Não,,2,"2,19",15,Licença Médica,33,1,40,"3,1",79,22,Não,15
248,Bruna Ferreira,Masculino,35,Casado,Técnico,Goiânia,GO,Centro-Oeste,CD Goiânia,Last Mile,Supervisor,Brenda da Paz,2016-03-08,"10,3",8131,Aprendiz,Presencial,Não,Ativo,Não,,2,"0,58",2,INSS,14,34,43,"2,7",94,5,Não,17
249,Raquel Moura,Masculino,45,Casado,Médio,Campinas,SP,Sudeste,CD Campinas,Centro de Distribuição,Conferente,Lorena Aparecida,2017-02-21,"9,4",2430,CLT,Presencial,Não,Ativo,Não,,1,"4,58",0,,43,-8,28,"3,5",56,20,Não,23
250,Miguel Peixoto,Masculino,30,Solteiro,Superior,Campinas,SP,Sudeste,CD Campinas,Comercial,Gerente,André Costela,2020-02-15,"6,4",18164,CLT,Presencial,Não,Ativo,Não,,0,"-0,12",0,,2,20,11,"3,2",55,12,Não,19
251,Heitor Vargas,Feminino,43,Viúvo,Médio,Campinas,SP,Sudeste,CD Campinas,Operações,Supervisor,José Miguel da Rocha,2022-11-26,"3,6",9740,CLT,Presencial,Não,Ativo,Não,,2,"3,82",0,,21,14,12,3,88,4,Não,25
252,Sr. André Monteiro,Feminino,30,Casado,Técnico,Recife,PE,Nordeste,CD Recife,Centro de Distribuição,Supervisor,Sra. Emanuella Cardoso,2022-02-09,"4,4",8574,Temporário,Presencial,Não,Ativo,Não,,0,"2,69",15,Licença Médica,9,-15,47,"4,8",76,1,Sim,21
253,Yasmin Santos,Masculino,41,Solteiro,Superior,Curitiba,PR,Sul,CD Curitiba,Last Mile,Coordenador,Theodoro Novais,2022-08-13,"3,9",14826,CLT,Presencial,Não,Ativo,Não,,2,"4,85",0,,28,33,47,"3,3",68,34,Não,1
254,Maria Barbosa,Masculino,43,Solteiro,Médio,Recife,PE,Nordeste,CD Recife,Comercial,Analista,Ana Cecília Lopes,2023-06-21,3,6082,CLT,Presencial,Não,Ativo,Não,,3,"2,85",5,Licença Médica,15,-12,38,"2,9",56,38,Não,3
255,Raul Barbosa,Masculino,37,Divorciado,Técnico,Curitiba,PR,Sul,CD Curitiba,Centro de Distribuição,Auxiliar Operacional,Dr. Nathan Santos,2025-11-03,"0,7",2190,CLT,Remoto,Não,Ativo,Não,,1,"2,51",0,,32,30,11,"2,4",67,17,Não,29
256,Maria Vitória da Rocha,Feminino,41,Solteiro,Pós,Recife,PE,Nordeste,CD Recife,Last Mile,Supervisor,Nathan Almeida,2023-09-25,"2,8",7386,CLT,Presencial,Não,Ativo,Não,,2,"3,81",0,,1,-13,14,"3,4",73,14,Não,26
257,Sr. Raul Sales,Feminino,35,Casado,Médio,Campinas,SP,Sudeste,CD Campinas,Operações,Auxiliar Operacional,Sr. Pedro Henrique Caldeira,2018-08-05,"7,9",2116,CLT,Presencial,Não,Ativo,Não,,1,"3,38",5,INSS,46,30,30,"3,7",95,19,Não,7
258,Pedro Henrique Pastor,Feminino,32,Solteiro,Pós,Guarulhos,SP,Sudeste,CD Guarulhos,Financeiro,Coordenador,Valentina Barros,2019-06-26,7,14815,CLT,Presencial,Não,Ativo,Não,,2,"1,88",5,INSS,28,36,36,"3,3",78,23,Não,12
259,Luana Souza,Feminino,43,Solteiro,Superior,São Paulo,SP,Sudeste,CD São Paulo,Operações,Supervisor,Sr. Lucas Gabriel Vasconcelos,2021-05-16,"5,1",9970,Temporário,Presencial,Não,Ativo,Não,,0,"4,77",15,INSS,27,-18,15,"3,6",61,5,Não,20
260,Breno Moraes,Masculino,24,Casado,Médio,Guarulhos,SP,Sudeste,CD Guarulhos,RH,Analista,Bruna Moura,2026-01-18,"0,4",5481,CLT,Presencial,Não,Ativo,Não,,0,"1,48",0,,1,-11,44,"3,9",78,23,Não,27
261,Evelyn Vasconcelos,Masculino,42,Divorciado,Médio,São Paulo,SP,Sudeste,CD São Paulo,Operações,Supervisor,Dr. Diogo da Costa,2022-04-09,"4,2",8098,CLT,Presencial,Não,Ativo,Não,,2,"3,97",0,,53,-14,58,"3,6",74,25,Não,0
262,Diogo da Cunha,Masculino,28,Casado,Médio,Guarulhos,SP,Sudeste,CD Guarulhos,Operações,Supervisor,Erick Pereira,2018-09-27,"7,8",7438,CLT,Presencial,Não,Ativo,Não,,1,"2,5",2,Licença Médica,6,22,54,"2,6",74,36,Não,20
263,Breno Cavalcanti,Masculino,38,Solteiro,Médio,Guarulhos,SP,Sudeste,CD Guarulhos,Centro de Distribuição,Auxiliar Operacional,Sabrina Martins,2022-10-17,"3,7",2460,CLT,Presencial,Não,Ativo,Não,,4,"3,1",15,Acidente,15,30,50,"4,6",41,18,Não,26
264,Melissa Rodrigues,Masculino,36,Casado,Médio,Goiânia,GO,Centro-Oeste,CD Goiânia,Atendimento,Assistente,Luna Pires,2016-09-26,"9,8",2899,CLT,Presencial,Sim,Ativo,Não,,1,"3,96",0,,54,-15,51,"2,6",73,28,Não,14
265,Sr. Pedro Lucas Azevedo,Feminino,26,Solteiro,Pós,Guarulhos,SP,Sudeste,CD Guarulhos,Transporte,Analista,Melina Pires,2020-01-04,"6,5",6802,CLT,Presencial,Não,Ativo,Não,,0,"2,95",0,,48,34,23,"3,5",77,32,Não,27
266,João Guilherme Pastor,Feminino,29,Solteiro,Fundamental,Curitiba,PR,Sul,CD Curitiba,Operações,Conferente,Luiz Gustavo Montenegro,2021-04-08,"5,2",2585,Aprendiz,Presencial,Não,Ativo,Não,,2,"3,86",0,,53,-12,11,3,82,40,Não,11
267,Leonardo Martins,Masculino,47,Solteiro,Médio,Guarulhos,SP,Sudeste,CD Guarulhos,Operações,Supervisor,Ana Carolina Araújo,2022-07-27,"3,9",10638,CLT,Presencial,Não,Inativo,Sim,Desligamento sem Justa Causa,2,"2,36",0,,17,28,51,"2,2",58,11,Não,16
268,Dr. Breno Ramos,Feminino,41,Solteiro,Técnico,Goiânia,GO,Centro-Oeste,CD Goiânia,Last Mile,Coordenador,Thiago Gomes,2019-10-09,"6,7",15920,Temporário,Presencial,Não,Inativo,Sim,Desligamento sem Justa Causa,2,"3,29",5,Acidente,25,-2,32,"2,7",64,26,Não,7
269,Ana Cecília Machado,Masculino,27,Casado,Técnico,Salvador,BA,Nordeste,CD Salvador,Last Mile,Coordenador,Esther Duarte,2024-08-20,"1,9",15619,CLT,Presencial,Não,Ativo,Não,,3,"3,61",0,,49,22,32,3,84,32,Não,10
270,Olívia Montenegro,Masculino,42,Solteiro,Médio,Salvador,BA,Nordeste,CD Salvador,Last Mile,Motorista,Bento Machado,2024-10-20,"1,7",4009,CLT,Presencial,Não,Ativo,Não,,3,"2,39",10,INSS,12,-14,49,"3,5",92,24,Não,12
271,Luigi Silva,Masculino,32,Casado,Médio,Recife,PE,Nordeste,CD Recife,Centro de Distribuição,Conferente,Thiago Ramos,2026-04-24,"0,2",2903,CLT,Presencial,Não,Ativo,Não,,1,"3,88",0,,58,-10,39,"2,6",74,3,Não,4
272,Asafe da Cruz,Feminino,43,Solteiro,Médio,Recife,PE,Nordeste,CD Recife,Tecnologia,Gerente,Sra. Maysa Moura,2023-08-01,"2,9",18013,CLT,Presencial,Não,Ativo,Não,,1,"2,09",0,,11,11,60,"3,1",88,1,Não,23
273,Eduarda Fonseca,Feminino,36,Solteiro,Médio,Goiânia,GO,Centro-Oeste,CD Goiânia,Operações,Conferente,Dr. Mathias Jesus,2021-03-21,"5,3",2798,CLT,Presencial,Não,Ativo,Não,,1,"3,07",0,,39,23,45,"3,1",69,27,Não,12
274,Sr. Lucas Gabriel Azevedo,Masculino,30,Divorciado,Fundamental,Brasília,DF,Centro-Oeste,CD Brasília,Last Mile,Coordenador,Sr. Matheus da Paz,2022-12-28,"3,5",13775,Temporário,Presencial,Não,Ativo,Não,,3,"4,42",10,INSS,51,19,50,"2,7",84,26,Não,2
275,Dom Farias,Feminino,28,Solteiro,Superior,Recife,PE,Nordeste,CD Recife,Operações,Auxiliar Operacional,Diego Ferreira,2024-07-26,"1,9",2412,CLT,Presencial,Não,Ativo,Não,,2,"3,16",0,,4,-16,43,"3,8",82,21,Não,6
276,Matteo Cardoso,Feminino,53,Casado,Médio,Salvador,BA,Nordeste,CD Salvador,Operações,Supervisor,Antonella das Neves,2022-08-31,"3,8",9764,CLT,Presencial,Não,Ativo,Não,,0,"3,97",10,Licença Médica,59,3,57,"3,3",78,8,Não,7
277,Maria Flor Ramos,Feminino,41,Solteiro,Superior,Recife,PE,Nordeste,CD Recife,Last Mile,Supervisor,Sr. Vinicius Borges,2023-07-10,3,10161,CLT,Presencial,Não,Ativo,Não,,0,"4,28",5,INSS,58,8,32,"3,4",79,13,Não,14
278,Mariana Moraes,Masculino,29,Casado,Médio,Recife,PE,Nordeste,CD Recife,Centro de Distribuição,Auxiliar Operacional,Sr. Luiz Miguel das Neves,2017-02-04,"9,4",2387,CLT,Presencial,Não,Ativo,Não,,2,"3,51",2,INSS,22,16,43,"3,3",88,19,Não,24
279,Heitor Fernandes,Feminino,41,Solteiro,Fundamental,Brasília,DF,Centro-Oeste,CD Brasília,Operações,Conferente,Evelyn Câmara,2021-02-19,"5,4",3002,CLT,Híbrido,Não,Ativo,Não,,1,"1,27",15,Licença Médica,10,3,36,"3,1",79,19,Não,24
280,Eduardo Barbosa,Masculino,31,Divorciado,Médio,Recife,PE,Nordeste,CD Recife,Operações,Auxiliar Operacional,Carlos Eduardo Montenegro,2024-02-29,"2,3",2533,CLT,Presencial,Não,Ativo,Não,,2,"-0,14",5,INSS,2,37,57,"3,4",79,23,Não,12
281,Valentina Andrade,Feminino,22,Solteiro,Médio,São Paulo,SP,Sudeste,CD São Paulo,Centro de Distribuição,Supervisor,Maitê Vargas,2024-12-02,"1,6",10850,CLT,Presencial,Não,Ativo,Não,,1,"3,02",2,INSS,31,10,52,"3,8",76,36,Não,4
282,Caroline Peixoto,Masculino,18,Solteiro,Superior,Campinas,SP,Sudeste,CD Campinas,Last Mile,Supervisor,Daniela Castro,2021-04-29,"5,2",10300,CLT,Presencial,Sim,Ativo,Não,,2,"4,26",0,,43,23,21,"3,1",68,2,Não,20
283,Enzo Silveira,Masculino,22,Casado,Médio,Goiânia,GO,Centro-Oeste,CD Goiânia,Last Mile,Coordenador,Ana Clara Jesus,2016-01-21,"10,4",15466,CLT,Presencial,Não,Ativo,Não,,1,"1,49",2,INSS,9,-4,52,"3,7",66,30,Não,1
284,Sr. Pedro Miguel Pimenta,Feminino,28,Solteiro,Médio,Campinas,SP,Sudeste,CD Campinas,Comercial,Analista,Pietro da Conceição,2017-01-30,"9,4",4728,CLT,Presencial,Não,Ativo,Não,,0,"0,95",5,Licença Médica,35,1,33,"3,7",86,0,Não,17
285,Isabella das Neves,Masculino,18,Casado,Superior,Campinas,SP,Sudeste,CD Campinas,Financeiro,Assistente,Evelyn Freitas,2017-10-29,"8,7",2917,CLT,Presencial,Não,Ativo,Não,,2,"2,37",10,INSS,39,18,56,"4,1",72,25,Não,24
286,Maysa Martins,Feminino,46,Divorciado,Técnico,Goiânia,GO,Centro-Oeste,CD Goiânia,RH,Coordenador,Mateus Montenegro,2024-03-02,"2,3",14806,CLT,Híbrido,Não,Inativo,Sim,Pedido de Demissão,2,"2,34",0,,27,2,16,4,52,33,Não,9
287,Mariah Castro,Masculino,32,Solteiro,Médio,Brasília,DF,Centro-Oeste,CD Brasília,Last Mile,Motorista,Davi Miguel da Cunha,2019-02-12,"7,4",3123,CLT,Presencial,Não,Inativo,Sim,Desligamento sem Justa Causa,2,"2,06",2,Licença Médica,17,9,31,"3,1",82,2,Não,4
288,Rodrigo Freitas,Masculino,35,Casado,Técnico,Brasília,DF,Centro-Oeste,CD Brasília,Tecnologia,Gerente,Bella Silva,2018-02-08,"8,4",22988,CLT,Presencial,Não,Ativo,Não,,3,"3,55",0,,11,31,42,"2,6",66,39,Não,4
289,Camila da Paz,Feminino,25,Casado,Superior,Guarulhos,SP,Sudeste,CD Guarulhos,Operações,Auxiliar Operacional,Enrico da Mata,2026-01-29,"0,4",2201,CLT,Presencial,Sim,Ativo,Não,,1,"1,88",5,INSS,8,-13,46,"2,8",87,26,Não,27
290,Sophie Casa Grande,Masculino,36,Casado,Técnico,Curitiba,PR,Sul,CD Curitiba,Transporte,Supervisor,Ayla Câmara,2021-04-02,"5,2",9825,CLT,Presencial,Não,Ativo,Não,,0,"2,48",5,Licença Médica,16,26,55,4,78,7,Não,9
291,Marcela Alves,Feminino,20,Casado,Médio,Campinas,SP,Sudeste,CD Campinas,Last Mile,Motorista,Ana Júlia Gonçalves,2018-06-25,8,2855,CLT,Híbrido,Não,Ativo,Não,,0,"1,94",10,INSS,11,31,40,"3,7",75,37,Não,10
292,Maria Fernanda da Costa,Masculino,30,Casado,Pós,Brasília,DF,Centro-Oeste,CD Brasília,RH,Gerente,Anna Liz Freitas,2026-03-07,"0,3",21335,CLT,Híbrido,Não,Ativo,Não,,1,"4,72",0,,21,4,33,"2,9",75,16,Não,1
293,Arthur Dias,Feminino,24,Casado,Superior,Guarulhos,SP,Sudeste,CD Guarulhos,Centro de Distribuição,Auxiliar Operacional,Lucas Gabriel Vieira,2016-10-10,"9,7",2564,CLT,Presencial,Não,Ativo,Não,,4,"2,73",2,INSS,59,14,56,"2,7",80,38,Não,6
294,Davi Miguel Andrade,Feminino,42,Viúvo,Médio,Salvador,BA,Nordeste,CD Salvador,Last Mile,Coordenador,Ravy Sampaio,2019-02-06,"7,4",14738,CLT,Presencial,Não,Ativo,Não,,2,"3,87",0,,38,-1,25,"2,2",87,16,Não,15
295,Ravy Machado,Masculino,31,Solteiro,Pós,Brasília,DF,Centro-Oeste,CD Brasília,Comercial,Gerente,Alana Barros,2016-06-14,"10,1",17401,CLT,Presencial,Não,Inativo,Sim,Fim de Contrato,1,"4,08",0,,37,35,14,"3,2",58,17,Não,15
296,José Miguel Cunha,Masculino,24,Divorciado,Superior,Guarulhos,SP,Sudeste,CD Guarulhos,Last Mile,Supervisor,Yan Siqueira,2023-09-04,"2,8",10509,CLT,Presencial,Não,Ativo,Não,,0,"1,62",5,INSS,21,18,46,"3,8",93,33,Não,10
297,Vitória Lima,Masculino,22,Solteiro,Médio,Goiânia,GO,Centro-Oeste,CD Goiânia,Last Mile,Motorista,João Pedro da Costa,2020-07-16,6,3867,CLT,Presencial,Não,Ativo,Não,,3,"3,11",10,INSS,53,38,58,"3,1",95,35,Não,30
298,Davi Aragão,Feminino,30,Casado,Fundamental,Campinas,SP,Sudeste,CD Campinas,Last Mile,Supervisor,Otto Porto,2023-12-27,"2,5",7261,CLT,Presencial,Não,Ativo,Não,,2,"2,21",10,Licença Médica,5,24,19,"3,9",100,6,Não,13
299,Natália Azevedo,Masculino,35,Viúvo,Superior,Curitiba,PR,Sul,CD Curitiba,Operações,Auxiliar Operacional,Theo Peixoto,2023-10-07,"2,7",2228,CLT,Presencial,Não,Ativo,Não,,3,"2,95",0,,36,-5,42,"3,7",80,11,Não,1
300,Allana Pires,Masculino,30,Divorciado,Superior,Recife,PE,Nordeste,CD Recife,RH,Coordenador,Isabella Silva,2019-02-25,"7,4",14664,CLT,Presencial,Não,Ativo,Não,,2,"1,45",0,,12,-10,33,"3,8",100,5,Não,28
301,João Vitor Lima,Feminino,34,Solteiro,Técnico,Goiânia,GO,Centro-Oeste,CD Goiânia,Operações,Auxiliar Operacional,Luiz Gustavo da Costa,2016-11-21,"9,6",2526,CLT,Presencial,Não,Ativo,Não,,2,"3,28",0,,42,-18,27,"3,7",53,40,Não,13
302,Maria Vitória Cirino,Feminino,37,Solteiro,Superior,Goiânia,GO,Centro-Oeste,CD Goiânia,Operações,Auxiliar Operacional,Antonella Moura,2017-08-27,"8,8",2578,CLT,Presencial,Não,Ativo,Não,,0,"1,98",5,INSS,35,-5,55,"2,9",65,15,Não,23
303,Sr. Vinicius Nogueira,Masculino,40,Casado,Médio,São Paulo,SP,Sudeste,CD São Paulo,Operações,Supervisor,Sofia Novaes,2022-05-11,"4,1",7750,CLT,Presencial,Não,Ativo,Não,,1,"-0,39",5,Licença Médica,32,23,38,"3,3",67,16,Não,7
304,Mathias Melo,Masculino,38,Solteiro,Fundamental,Goiânia,GO,Centro-Oeste,CD Goiânia,Centro de Distribuição,Auxiliar Operacional,Mathias Freitas,2021-02-18,"5,4",2289,CLT,Presencial,Não,Ativo,Não,,1,"-0,77",2,Acidente,10,3,57,"4,7",81,37,Não,28
305,Antony Fogaça,Feminino,38,Casado,Técnico,Guarulhos,SP,Sudeste,CD Guarulhos,Last Mile,Coordenador,Luiz Felipe da Costa,2024-12-08,"1,6",11712,CLT,Presencial,Não,Ativo,Não,,3,"3,72",15,Acidente,59,-18,20,"2,7",64,14,Não,12
306,Dra. Bella Vargas,Feminino,51,Casado,Médio,Salvador,BA,Nordeste,CD Salvador,Atendimento,Analista,Lívia Carvalho,2018-12-16,"7,5",5309,CLT,Presencial,Não,Ativo,Não,,3,"2,01",0,,49,-17,21,"2,9",56,21,Não,19
307,Luiz Gustavo Nogueira,Feminino,22,Casado,Técnico,Salvador,BA,Nordeste,CD Salvador,Operações,Conferente,Sr. Ravi Sampaio,2018-05-14,"8,1",2949,CLT,Presencial,Sim,Inativo,Sim,Fim de Contrato,2,"2,04",15,Licença Médica,23,21,37,"3,7",83,28,Não,10
308,Emilly Carvalho,Feminino,27,Casado,Médio,Campinas,SP,Sudeste,CD Campinas,Operações,Conferente,Raul Andrade,2021-07-18,5,3048,CLT,Presencial,Não,Ativo,Não,,2,"0,48",0,,13,-12,29,3,91,18,Não,3
309,Guilherme Aparecida,Feminino,33,Solteiro,Médio,Curitiba,PR,Sul,CD Curitiba,Operações,Auxiliar Operacional,Asafe Dias,2018-06-23,8,2270,CLT,Presencial,Não,Ativo,Não,,1,"1,59",15,Licença Médica,40,-13,42,3,64,1,Não,29
310,Théo Gonçalves,Masculino,36,Casado,Médio,Campinas,SP,Sudeste,CD Campinas,Centro de Distribuição,Conferente,Olívia da Cunha,2022-12-27,"3,5",3032,CLT,Presencial,Não,Ativo,Não,,2,"1,12",0,,9,20,32,"3,2",63,6,Não,23
311,Gabriel da Paz,Masculino,35,Casado,Técnico,Campinas,SP,Sudeste,CD Campinas,Operações,Auxiliar Operacional,Sr. Lucas da Mata,2026-02-05,"0,4",2419,CLT,Presencial,Não,Ativo,Não,,1,"0,96",10,Licença Médica,5,-5,60,"2,9",80,39,Não,5
312,Léo Lopes,Masculino,45,Divorciado,Pós,Goiânia,GO,Centro-Oeste,CD Goiânia,Last Mile,Motorista,Maysa Gomes,2018-04-29,"8,2",3179,CLT,Presencial,Não,Ativo,Não,,1,"2,11",0,,9,-8,10,"3,1",64,4,Não,15
313,Sr. Theo Sales,Feminino,18,Casado,Superior,Goiânia,GO,Centro-Oeste,CD Goiânia,Operações,Supervisor,Maria Eduarda Moreira,2020-02-28,"6,3",7521,CLT,Presencial,Não,Inativo,Sim,Fim de Contrato,0,"3,54",2,INSS,44,10,26,"2,6",59,10,Não,19
314,Bryan Siqueira,Feminino,30,Solteiro,Superior,Recife,PE,Nordeste,CD Recife,RH,Analista,Anna Liz Lopes,2024-10-08,"1,7",6280,CLT,Presencial,Não,Ativo,Não,,2,"2,98",0,,35,-2,56,"4,3",81,37,Não,26
315,Emilly Nogueira,Feminino,31,Casado,Técnico,Curitiba,PR,Sul,CD Curitiba,Last Mile,Coordenador,Lorenzo Caldeira,2021-04-23,"5,2",13755,CLT,Híbrido,Não,Ativo,Não,,1,"4,58",10,Licença Médica,20,8,20,"3,7",59,15,Não,29
316,Luan Ribeiro,Masculino,40,Solteiro,Médio,Brasília,DF,Centro-Oeste,CD Brasília,Jurídico,Analista,Leandro Machado,2020-09-30,"5,8",5167,CLT,Presencial,Não,Ativo,Não,,1,"3,37",0,,25,38,50,"3,1",64,1,Não,5
317,Mariane Cavalcante,Masculino,35,Casado,Pós,Curitiba,PR,Sul,CD Curitiba,Operações,Conferente,Sra. Marcela Machado,2022-10-04,"3,7",2473,CLT,Presencial,Não,Inativo,Sim,Desligamento sem Justa Causa,0,"4,72",10,Licença Médica,40,19,51,"3,2",60,17,Não,29
318,Luiz Gustavo Pimenta,Feminino,38,Casado,Médio,Campinas,SP,Sudeste,CD Campinas,Centro de Distribuição,Auxiliar Operacional,Kamilly Porto,2023-07-22,"2,9",2576,CLT,Híbrido,Não,Ativo,Não,,3,"4,48",10,Licença Médica,27,17,56,"3,7",79,29,Não,11
319,Breno Rios,Masculino,41,Casado,Técnico,Recife,PE,Nordeste,CD Recife,Comercial,Supervisor,Maria Luiza Fonseca,2017-03-11,"9,3",9873,CLT,Híbrido,Não,Ativo,Não,,2,"2,8",2,Licença Médica,19,1,22,4,80,8,Não,0
320,Eduarda Alves,Masculino,30,Casado,Superior,Brasília,DF,Centro-Oeste,CD Brasília,Centro de Distribuição,Supervisor,Pedro Lucas Andrade,2017-06-28,9,9110,CLT,Presencial,Não,Ativo,Não,,7,"1,73",2,Acidente,16,-6,51,"3,8",88,37,Não,13
321,Bernardo da Costa,Masculino,36,Divorciado,Superior,Curitiba,PR,Sul,CD Curitiba,Centro de Distribuição,Conferente,Maria Clara Fonseca,2020-05-29,"6,1",3065,CLT,Presencial,Sim,Ativo,Não,,4,"3,78",0,,28,-18,47,"3,6",58,13,Não,3
322,Ana Beatriz Pereira,Masculino,48,Solteiro,Médio,Guarulhos,SP,Sudeste,CD Guarulhos,Centro de Distribuição,Auxiliar Operacional,Rael Freitas,2023-03-11,"3,3",2010,CLT,Presencial,Não,Inativo,Sim,Fim de Contrato,2,"3,73",0,,9,-19,32,"2,5",63,22,Não,26
323,Dr. Breno Oliveira,Feminino,33,Solteiro,MBA,Recife,PE,Nordeste,CD Recife,Comercial,Assistente,Vinícius Fonseca,2018-07-12,8,3216,CLT,Presencial,Não,Ativo,Não,,2,"4,42",0,,26,-10,21,"2,8",100,17,Não,29
324,Luara Rezende,Masculino,34,Divorciado,Técnico,Goiânia,GO,Centro-Oeste,CD Goiânia,Centro de Distribuição,Auxiliar Operacional,Josué Camargo,2023-01-28,"3,4",2382,CLT,Presencial,Não,Ativo,Não,,3,"2,57",15,Licença Médica,11,4,25,5,57,14,Sim,25
325,Francisco Monteiro,Feminino,30,Casado,Técnico,Recife,PE,Nordeste,CD Recife,Operações,Conferente,Maria Julia Novais,2024-10-28,"1,7",2646,CLT,Presencial,Não,Ativo,Não,,3,"3,02",0,,46,11,24,"3,2",61,12,Não,27
326,João Vasconcelos,Feminino,32,Solteiro,Médio,Brasília,DF,Centro-Oeste,CD Brasília,Operações,Supervisor,Pietro Cunha,2020-11-07,"5,6",10300,CLT,Presencial,Não,Inativo,Sim,Fim de Contrato,1,"0,6",2,Licença Médica,23,32,23,"3,4",94,9,Não,21
327,Laura Sales,Masculino,37,Solteiro,Superior,Goiânia,GO,Centro-Oeste,CD Goiânia,Operações,Supervisor,Gabriela Campos,2024-07-26,"1,9",9379,CLT,Presencial,Não,Ativo,Não,,2,"3,92",10,Licença Médica,40,23,31,3,67,23,Não,18
328,Brayan Machado,Feminino,46,Casado,Fundamental,São Paulo,SP,Sudeste,CD São Paulo,Centro de Distribuição,Conferente,Pedro Miguel Borges,2020-03-31,"6,3",2946,CLT,Presencial,Não,Ativo,Não,,0,"1,58",15,INSS,21,-18,44,"2,6",100,32,Não,20
329,Luiza Rios,Masculino,44,Solteiro,Médio,Guarulhos,SP,Sudeste,CD Guarulhos,RH,Gerente,Sr. Yan Nogueira,2020-02-12,"6,4",17481,CLT,Presencial,Não,Ativo,Não,,2,"5,01",5,Licença Médica,56,13,47,"3,5",59,25,Não,17
330,Kaique Castro,Feminino,44,Solteiro,Médio,Campinas,SP,Sudeste,CD Campinas,Last Mile,Coordenador,Dra. Emanuella Vieira,2019-01-01,"7,5",14756,Aprendiz,Presencial,Não,Ativo,Não,,1,"1,02",5,Acidente,31,23,54,"3,1",68,28,Não,3
331,Sr. Davi Costa,Masculino,46,Solteiro,Superior,Campinas,SP,Sudeste,CD Campinas,Operações,Supervisor,Isaac Vieira,2024-09-17,"1,8",10574,CLT,Presencial,Não,Ativo,Não,,2,"2,08",0,,1,18,19,"2,1",32,37,Não,13
332,Amanda Fonseca,Masculino,38,Solteiro,Médio,Salvador,BA,Nordeste,CD Salvador,Atendimento,Supervisor,Maria Eduarda Martins,2019-07-08,7,10856,Temporário,Híbrido,Não,Ativo,Não,,1,"5,65",15,INSS,54,24,35,"2,8",80,21,Não,27
333,Caroline Pimenta,Masculino,32,Solteiro,Superior,Guarulhos,SP,Sudeste,CD Guarulhos,Tecnologia,Analista,Benício das Neves,2020-07-06,6,4941,CLT,Híbrido,Não,Ativo,Não,,0,"4,41",15,INSS,45,15,59,2,85,23,Não,26
334,Pietra Moura,Masculino,39,Solteiro,Técnico,Campinas,SP,Sudeste,CD Campinas,Financeiro,Analista,Maria Luísa Oliveira,2022-01-23,"4,4",6091,CLT,Presencial,Não,Ativo,Não,,1,"2,94",0,,14,33,15,"3,1",71,12,Não,21
335,Davi Lucas Dias,Feminino,27,Casado,MBA,Recife,PE,Nordeste,CD Recife,RH,Analista,Ana Sophia Machado,2020-09-06,"5,8",4537,CLT,Presencial,Não,Ativo,Não,,6,"2,48",5,INSS,26,3,15,"1,8",97,24,Não,0
336,Stella Ferreira,Feminino,22,Solteiro,Superior,Guarulhos,SP,Sudeste,CD Guarulhos,Centro de Distribuição,Conferente,Yuri Porto,2026-03-03,"0,3",2643,CLT,Presencial,Não,Ativo,Não,,1,"2,05",0,,48,25,51,"3,9",85,14,Não,0
337,Emilly Vargas,Feminino,51,Solteiro,Médio,Curitiba,PR,Sul,CD Curitiba,Transporte,Supervisor,Pedro Montenegro,2016-08-17,"9,9",9121,CLT,Presencial,Não,Ativo,Não,,2,"1,89",0,,23,14,55,"4,5",73,20,Não,9
338,Davi Moreira,Masculino,48,Casado,Técnico,Campinas,SP,Sudeste,CD Campinas,RH,Gerente,Kevin Cavalcante,2023-11-07,"2,6",23957,CLT,Presencial,Não,Ativo,Não,,1,"5,35",0,,54,37,26,"3,1",87,25,Não,21
339,Lorenzo Santos,Masculino,23,Divorciado,Superior,Brasília,DF,Centro-Oeste,CD Brasília,Last Mile,Coordenador,Luiz Felipe Moreira,2017-10-29,"8,7",13411,CLT,Presencial,Não,Ativo,Não,,1,"0,63",5,Licença Médica,0,9,22,"4,5",78,18,Sim,6
340,Bruno da Cunha,Masculino,29,Casado,Fundamental,Salvador,BA,Nordeste,CD Salvador,Operações,Auxiliar Operacional,Yuri da Mota,2017-09-07,"8,8",2025,CLT,Presencial,Não,Ativo,Não,,1,"2,74",0,,21,5,15,"3,5",54,8,Não,17
341,Kevin Pimenta,Masculino,33,Solteiro,Técnico,Salvador,BA,Nordeste,CD Salvador,Last Mile,Coordenador,Ayla Montenegro,2021-03-24,"5,3",11051,CLT,Presencial,Não,Ativo,Não,,0,"2,62",0,,4,-11,49,5,64,14,Não,4
342,Eloá Pastor,Feminino,26,Solteiro,Médio,Curitiba,PR,Sul,CD Curitiba,Operações,Auxiliar Operacional,Daniela Cavalcante,2018-12-10,"7,6",2470,CLT,Presencial,Não,Ativo,Não,,1,"2,79",15,INSS,52,40,38,"2,9",83,25,Não,3
343,Maitê Nunes,Masculino,35,Casado,Médio,Campinas,SP,Sudeste,CD Campinas,Centro de Distribuição,Conferente,Arthur Barros,2022-09-30,"3,8",2799,CLT,Presencial,Não,Ativo,Não,,6,"3,39",2,Licença Médica,21,23,25,"3,6",62,32,Não,12
344,João Rezende,Masculino,50,Casado,Médio,Goiânia,GO,Centro-Oeste,CD Goiânia,Comercial,Gerente,Oliver Pinto,2019-08-23,"6,9",22672,CLT,Presencial,Não,Ativo,Não,,1,"1,94",15,Acidente,37,2,54,"3,8",83,31,Não,12
345,Ana Monteiro,Masculino,30,Solteiro,Técnico,Brasília,DF,Centro-Oeste,CD Brasília,Last Mile,Motorista,Ísis da Rocha,2020-05-23,"6,1",3920,CLT,Presencial,Não,Ativo,Não,,2,"5,34",10,Licença Médica,55,-16,47,"3,3",65,33,Não,25
346,Liz Mendes,Feminino,37,Casado,Médio,Salvador,BA,Nordeste,CD Salvador,Atendimento,Supervisor,Nathan da Rosa,2023-01-03,"3,5",7011,CLT,Presencial,Não,Ativo,Não,,6,"1,26",5,Acidente,25,-12,22,"3,4",64,1,Não,6
347,Ana Sophia Sales,Feminino,25,Solteiro,Médio,Campinas,SP,Sudeste,CD Campinas,Operações,Auxiliar Operacional,Emanuel Macedo,2026-01-20,"0,4",2157,CLT,Presencial,Não,Ativo,Não,,2,"3,36",5,Acidente,46,-17,39,"2,4",54,19,Não,2
348,Rafaela Martins,Masculino,21,Casado,Superior,Guarulhos,SP,Sudeste,CD Guarulhos,Operações,Conferente,Luigi Pereira,2017-03-15,"9,3",2309,CLT,Presencial,Não,Ativo,Não,,3,"3,29",0,,35,17,31,"3,9",77,33,Não,18
349,Levi Silva,Feminino,47,Casado,Superior,São Paulo,SP,Sudeste,CD São Paulo,Atendimento,Analista,Dr. Murilo Cardoso,2024-06-08,"2,1",5531,CLT,Presencial,Não,Ativo,Não,,2,"4,48",2,Licença Médica,15,-5,27,"3,7",65,17,Não,0
350,Sr. Liam da Costa,Masculino,45,Solteiro,Técnico,Brasília,DF,Centro-Oeste,CD Brasília,Jurídico,Analista,Camila da Mata,2017-01-21,"9,4",5246,CLT,Presencial,Não,Ativo,Não,,1,"2,7",0,,57,8,25,"3,3",60,11,Não,16
351,Isadora Casa Grande,Masculino,25,Solteiro,Médio,São Paulo,SP,Sudeste,CD São Paulo,Atendimento,Supervisor,Benicio da Rocha,2025-02-22,"1,4",10100,CLT,Presencial,Não,Ativo,Não,,3,"1,48",0,,7,9,59,"3,6",92,22,Não,26
352,Mariah da Cruz,Masculino,34,Casado,Superior,Recife,PE,Nordeste,CD Recife,Operações,Auxiliar Operacional,Luan Oliveira,2017-07-06,9,2077,CLT,Presencial,Não,Ativo,Não,,4,"1,67",0,,33,38,16,"2,9",62,22,Não,23
353,Sra. Esther Teixeira,Feminino,48,Solteiro,Médio,São Paulo,SP,Sudeste,CD São Paulo,Financeiro,Assistente,Theo Moraes,2017-06-25,9,4023,CLT,Presencial,Não,Ativo,Não,,2,"2,16",0,,8,2,49,"3,5",69,2,Não,2
354,Sara das Neves,Feminino,42,Solteiro,Superior,Goiânia,GO,Centro-Oeste,CD Goiânia,Centro de Distribuição,Supervisor,Alícia Borges,2025-01-16,"1,5",8170,CLT,Presencial,Não,Ativo,Não,,3,"2,28",0,,2,-8,42,"3,3",69,4,Não,4
355,Sofia Marques,Masculino,23,Casado,Fundamental,Salvador,BA,Nordeste,CD Salvador,Operações,Supervisor,Henrique Pacheco,2021-11-21,"4,6",9212,CLT,Presencial,Não,Inativo,Sim,Desligamento sem Justa Causa,1,"1,38",0,,3,39,28,"4,1",67,0,Não,7
356,Sr. Benicio da Paz,Feminino,24,Solteiro,Superior,Guarulhos,SP,Sudeste,CD Guarulhos,Operações,Auxiliar Operacional,Olivia da Paz,2023-02-12,"3,4",2235,CLT,Presencial,Não,Ativo,Não,,2,"3,04",0,,37,23,46,"2,7",76,25,Não,30
357,Alexia Caldeira,Feminino,27,Divorciado,Superior,São Paulo,SP,Sudeste,CD São Paulo,Transporte,Analista,Catarina da Luz,2020-01-13,"6,5",5091,CLT,Presencial,Não,Ativo,Não,,3,"4,38",10,Licença Médica,24,34,60,"3,2",85,12,Não,14
358,Sra. Maria Luiza Fonseca,Masculino,47,Casado,Pós,Recife,PE,Nordeste,CD Recife,Transporte,Analista,Murilo Aragão,2018-11-11,"7,6",5209,CLT,Presencial,Sim,Ativo,Não,,4,"2,55",0,,0,-20,28,"3,4",83,32,Não,3
359,Evelyn Fonseca,Feminino,28,Solteiro,Superior,Curitiba,PR,Sul,CD Curitiba,Centro de Distribuição,Supervisor,Laura Barbosa,2023-08-18,"2,9",7797,CLT,Presencial,Não,Inativo,Sim,Pedido de Demissão,2,"1,97",0,,27,4,40,"2,8",70,36,Não,26
360,Sofia Machado,Feminino,45,Divorciado,Médio,Goiânia,GO,Centro-Oeste,CD Goiânia,Operações,Auxiliar Operacional,Lara Pinto,2017-03-20,"9,3",2020,CLT,Presencial,Não,Ativo,Não,,1,"1,07",15,Acidente,42,32,56,"3,7",77,0,Não,2
361,Bárbara Cardoso,Feminino,43,Solteiro,Superior,Brasília,DF,Centro-Oeste,CD Brasília,Centro de Distribuição,Conferente,Matteo Freitas,2019-11-25,"6,6",2857,CLT,Presencial,Não,Ativo,Não,,3,"0,69",0,,13,-19,51,"3,1",80,12,Não,7
362,Dr. Diego Costa,Feminino,23,Solteiro,Superior,Goiânia,GO,Centro-Oeste,CD Goiânia,Operações,Supervisor,Sophia Guerra,2018-06-08,"8,1",9538,CLT,Presencial,Não,Ativo,Não,,1,"1,23",0,,30,27,31,"3,9",58,3,Não,24
363,Ana Cecília Aparecida,Feminino,40,Casado,Técnico,Guarulhos,SP,Sudeste,CD Guarulhos,Operações,Conferente,Davi Miguel Silva,2025-06-28,1,2440,CLT,Presencial,Não,Ativo,Não,,4,"4,01",10,Acidente,25,31,44,"3,4",73,32,Não,18
364,Dr. Valentim Marques,Feminino,44,Solteiro,Técnico,Recife,PE,Nordeste,CD Recife,RH,Coordenador,Théo Carvalho,2021-12-14,"4,5",12792,CLT,Presencial,Não,Ativo,Não,,3,"3,33",15,Acidente,43,-14,21,3,74,30,Não,21
365,Dr. Enrico Gonçalves,Masculino,26,Solteiro,MBA,São Paulo,SP,Sudeste,CD São Paulo,Operações,Supervisor,Letícia Pastor,2021-09-14,"4,8",10790,CLT,Presencial,Não,Ativo,Não,,2,"1,34",5,Acidente,2,23,54,"3,8",73,29,Não,11
366,Dr. Kaique Melo,Masculino,32,Solteiro,Superior,Campinas,SP,Sudeste,CD Campinas,Last Mile,Coordenador,Léo Farias,2020-08-19,"5,9",11755,Aprendiz,Presencial,Não,Ativo,Não,,0,"1,31",15,INSS,1,9,38,"3,6",78,25,Não,18
367,Brenda Leão,Feminino,42,Casado,Superior,Salvador,BA,Nordeste,CD Salvador,Atendimento,Supervisor,Lorena Vieira,2024-09-21,"1,8",9458,CLT,Presencial,Não,Ativo,Não,,5,"2,28",5,Licença Médica,52,-9,20,"3,1",67,1,Não,17
368,Dra. Amanda Peixoto,Feminino,33,Solteiro,Superior,Campinas,SP,Sudeste,CD Campinas,Operações,Conferente,Julia Rezende,2025-04-30,"1,2",2713,CLT,Presencial,Não,Ativo,Não,,2,"4,72",10,INSS,50,33,17,3,64,1,Não,5
369,Heloísa Silveira,Feminino,27,Solteiro,Superior,Curitiba,PR,Sul,CD Curitiba,Centro de Distribuição,Conferente,Rhavi Cavalcante,2024-06-19,2,2270,CLT,Presencial,Não,Ativo,Não,,1,"4,85",5,Licença Médica,41,0,55,"3,2",83,2,Não,17
370,Maria Helena Casa Grande,Masculino,37,Casado,Médio,Guarulhos,SP,Sudeste,CD Guarulhos,Operações,Conferente,Isabelly Andrade,2024-02-18,"2,4",2904,CLT,Presencial,Não,Ativo,Não,,2,"2,29",0,,11,-8,37,3,69,0,Não,18
371,Brenda Correia,Feminino,18,Casado,Técnico,São Paulo,SP,Sudeste,CD São Paulo,Transporte,Motorista,Pedro Lucas Dias,2016-03-26,"10,3",4177,CLT,Presencial,Não,Ativo,Não,,1,"0,51",0,,27,37,43,"2,5",72,14,Não,9
372,Clarice Jesus,Masculino,45,Solteiro,Médio,São Paulo,SP,Sudeste,CD São Paulo,Transporte,Motorista,Srta. Maria Sophia Montenegro,2020-10-16,"5,7",3900,CLT,Presencial,Não,Ativo,Não,,2,"3,49",2,Acidente,58,40,10,"2,7",71,25,Não,25
373,Olivia Sousa,Feminino,37,Solteiro,Técnico,Brasília,DF,Centro-Oeste,CD Brasília,Last Mile,Motorista,Srta. Cecilia Moreira,2023-08-26,"2,8",3635,CLT,Presencial,Não,Ativo,Não,,1,"0,49",0,,3,-3,32,"3,3",70,20,Não,10
374,Luan Ribeiro,Feminino,39,Viúvo,Médio,São Paulo,SP,Sudeste,CD São Paulo,Jurídico,Gerente,Valentina Garcia,2021-06-05,"5,1",22119,CLT,Presencial,Não,Ativo,Não,,3,"2,67",2,Acidente,31,40,60,"2,9",91,9,Não,5
375,Sr. Raul Nascimento,Feminino,40,Solteiro,Médio,Guarulhos,SP,Sudeste,CD Guarulhos,Centro de Distribuição,Auxiliar Operacional,Dr. João Pimenta,2017-03-29,"9,3",1958,Temporário,Presencial,Não,Ativo,Não,,2,"3,65",0,,58,34,40,"3,3",64,18,Não,29
376,Evelyn da Cruz,Feminino,31,Solteiro,Médio,São Paulo,SP,Sudeste,CD São Paulo,Centro de Distribuição,Supervisor,Kaique Câmara,2017-08-02,"8,9",8417,CLT,Presencial,Não,Ativo,Não,,4,"2,82",2,Licença Médica,27,16,27,"4,1",83,25,Não,16
377,João Pedro Santos,Masculino,48,Solteiro,Médio,Recife,PE,Nordeste,CD Recife,Transporte,Motorista,Samuel Dias,2025-07-19,1,3118,CLT,Presencial,Não,Inativo,Sim,Pedido de Demissão,5,"4,95",0,,23,-2,56,"3,7",61,11,Não,20
378,Marcela Novais,Masculino,41,Solteiro,Médio,Recife,PE,Nordeste,CD Recife,Last Mile,Supervisor,Sra. Laura Campos,2021-05-27,"5,1",7120,CLT,Presencial,Não,Ativo,Não,,2,"3,93",0,,33,1,27,2,100,34,Não,16
379,Ísis Garcia,Masculino,46,Casado,Superior,Recife,PE,Nordeste,CD Recife,Transporte,Analista,Manuella Vargas,2019-09-03,"6,8",6791,CLT,Remoto,Não,Ativo,Não,,1,"2,49",0,,53,-13,40,"3,9",69,11,Não,15
380,João Vitor Aparecida,Masculino,25,Solteiro,Médio,Goiânia,GO,Centro-Oeste,CD Goiânia,Operações,Supervisor,Bruno Ferreira,2017-08-08,"8,9",10820,CLT,Presencial,Não,Inativo,Sim,Desligamento sem Justa Causa,4,"2,71",10,Acidente,38,37,51,"4,6",80,12,Não,11
381,Jade Souza,Feminino,39,Solteiro,Superior,Curitiba,PR,Sul,CD Curitiba,Centro de Distribuição,Conferente,Hadassa Costa,2025-12-12,"0,6",2758,CLT,Presencial,Não,Ativo,Não,,9,"3,86",10,INSS,35,4,36,"3,5",81,26,Não,19
382,Júlia Novais,Feminino,32,Solteiro,Técnico,Brasília,DF,Centro-Oeste,CD Brasília,Operações,Conferente,Sra. Cecilia Caldeira,2016-03-12,"10,3",2900,CLT,Híbrido,Não,Ativo,Não,,4,"1,41",2,Licença Médica,8,34,35,"3,4",59,32,Não,30
383,Isabella da Cruz,Feminino,22,Solteiro,Médio,Curitiba,PR,Sul,CD Curitiba,Operações,Conferente,Vinícius Câmara,2023-03-16,"3,3",2380,CLT,Presencial,Não,Ativo,Não,,2,"2,03",2,Licença Médica,6,16,30,"2,9",77,3,Não,1
384,Isabel Aragão,Masculino,39,Solteiro,Médio,Curitiba,PR,Sul,CD Curitiba,Last Mile,Motorista,Noah Farias,2023-12-06,"2,6",3719,CLT,Presencial,Não,Ativo,Não,,1,"1,58",15,INSS,13,-9,58,"3,3",93,29,Não,30
385,Sra. Beatriz Rodrigues,Masculino,42,Casado,Médio,São Paulo,SP,Sudeste,CD São Paulo,Centro de Distribuição,Auxiliar Operacional,André Novaes,2019-10-19,"6,7",2568,CLT,Presencial,Não,Ativo,Não,,2,"1,43",15,Licença Médica,50,30,53,"3,7",69,34,Não,22
386,Nicolas Rezende,Feminino,31,Solteiro,MBA,Curitiba,PR,Sul,CD Curitiba,Last Mile,Supervisor,Pietra Rezende,2021-08-08,"4,9",10231,CLT,Presencial,Não,Ativo,Não,,0,"2,86",5,INSS,59,4,49,"2,7",65,31,Não,23
387,João Pedro Duarte,Feminino,23,Casado,Técnico,Campinas,SP,Sudeste,CD Campinas,Centro de Distribuição,Auxiliar Operacional,Bento Vargas,2019-06-05,"7,1",2547,CLT,Presencial,Não,Ativo,Não,,6,"2,23",5,Licença Médica,26,3,42,"3,4",71,15,Não,7
388,Igor Nascimento,Masculino,18,Solteiro,Médio,Goiânia,GO,Centro-Oeste,CD Goiânia,Last Mile,Motorista,Dra. Ana Carolina Cavalcanti,2023-02-12,"3,4",3841,CLT,Presencial,Não,Ativo,Não,,4,"6,22",5,Acidente,48,8,31,"3,4",77,12,Não,27
389,Emanuelly Andrade,Feminino,31,Solteiro,Médio,Curitiba,PR,Sul,CD Curitiba,Atendimento,Supervisor,Sabrina Cirino,2023-01-16,"3,5",7672,CLT,Presencial,Não,Ativo,Não,,1,"2,54",10,INSS,26,-11,38,"3,4",83,5,Não,28
390,Sra. Ana Carolina Albuquerque,Masculino,24,Divorciado,Pós,Brasília,DF,Centro-Oeste,CD Brasília,Operações,Conferente,Cauê Farias,2024-10-01,"1,7",3115,CLT,Presencial,Não,Ativo,Não,,2,"3,16",0,,16,21,57,"2,7",65,7,Não,8
391,Rafael Ramos,Masculino,29,Divorciado,Superior,Goiânia,GO,Centro-Oeste,CD Goiânia,Centro de Distribuição,Auxiliar Operacional,Valentina Monteiro,2022-01-05,"4,5",2385,CLT,Presencial,Não,Ativo,Não,,3,"1,57",0,,39,23,57,"2,2",64,14,Não,28
392,Thiago Martins,Masculino,31,Divorciado,Técnico,São Paulo,SP,Sudeste,CD São Paulo,Operações,Conferente,Gael Camargo,2025-03-02,"1,3",2319,CLT,Presencial,Não,Inativo,Sim,Fim de Contrato,2,"4,48",2,Acidente,14,7,25,"2,9",79,40,Não,21
393,Sr. Raul Ramos,Feminino,38,Solteiro,Médio,Guarulhos,SP,Sudeste,CD Guarulhos,Operações,Supervisor,Francisco Albuquerque,2021-07-22,"4,9",9110,CLT,Presencial,Não,Ativo,Não,,2,"3,49",2,INSS,2,17,13,"2,7",78,23,Não,30
394,Sra. Laís Nunes,Masculino,41,Solteiro,Médio,Campinas,SP,Sudeste,CD Campinas,Last Mile,Motorista,Evelyn Cavalcanti,2016-11-26,"9,6",3119,CLT,Presencial,Não,Ativo,Não,,1,"2,98",15,INSS,36,2,10,"2,8",80,1,Não,25
395,Maria Luiza Lima,Feminino,45,Solteiro,Técnico,Brasília,DF,Centro-Oeste,CD Brasília,Atendimento,Analista,Lunna Borges,2022-12-08,"3,6",5488,CLT,Presencial,Não,Ativo,Não,,1,"2,45",2,Acidente,11,8,42,"4,4",75,37,Não,12
396,Aylla Cirino,Feminino,20,Solteiro,Técnico,Brasília,DF,Centro-Oeste,CD Brasília,Operações,Supervisor,Rhavi Duarte,2023-07-17,3,7097,CLT,Híbrido,Não,Ativo,Não,,4,"5,3",0,,18,13,43,"2,8",68,24,Não,28
397,André da Luz,Masculino,61,Casado,Superior,Guarulhos,SP,Sudeste,CD Guarulhos,Centro de Distribuição,Supervisor,Isabela Machado,2020-08-06,"5,9",7782,CLT,Presencial,Não,Ativo,Não,,1,"2,09",0,,9,34,11,4,73,2,Não,6
398,Lucas da Rosa,Masculino,38,Solteiro,Técnico,Guarulhos,SP,Sudeste,CD Guarulhos,Operações,Supervisor,Alexia da Luz,2025-11-11,"0,6",10331,CLT,Presencial,Não,Ativo,Não,,1,"2,53",5,Licença Médica,27,12,21,"2,6",60,1,Não,26
399,Maria Cecília Sales,Masculino,46,Divorciado,Superior,São Paulo,SP,Sudeste,CD São Paulo,Operações,Conferente,Bento Rios,2024-08-27,"1,8",2285,CLT,Presencial,Não,Ativo,Não,,2,"0,72",10,INSS,2,21,28,"2,1",84,7,Não,6
400,Ravi Lucca das Neves,Feminino,38,Solteiro,Médio,Curitiba,PR,Sul,CD Curitiba,Centro de Distribuição,Auxiliar Operacional,Nathan Rodrigues,2019-04-03,"7,2",2563,CLT,Presencial,Não,Ativo,Não,,3,"1,19",15,Licença Médica,47,-7,37,"3,1",82,1,Não,24
401,Luana Sales,Feminino,24,Solteiro,Médio,Recife,PE,Nordeste,CD Recife,Operações,Auxiliar Operacional,Juan Freitas,2023-04-24,"3,2",2074,CLT,Presencial,Não,Ativo,Não,,3,"2,3",5,Acidente,27,17,34,"2,8",75,21,Não,15
402,Hellena Câmara,Masculino,32,Solteiro,Médio,Recife,PE,Nordeste,CD Recife,Last Mile,Supervisor,Rhavi Cassiano,2022-01-14,"4,5",9534,CLT,Presencial,Não,Ativo,Não,,2,"1,89",5,Licença Médica,27,25,49,"2,8",63,13,Não,11
403,Maria Fernanda Leão,Feminino,31,Casado,Superior,Curitiba,PR,Sul,CD Curitiba,Transporte,Analista,Dra. Olivia Sá,2021-12-03,"4,6",5796,CLT,Presencial,Não,Ativo,Não,,1,"2,56",15,Licença Médica,25,-1,56,"2,6",77,17,Não,0
404,Helena Teixeira,Feminino,32,Solteiro,Superior,Campinas,SP,Sudeste,CD Campinas,Operações,Auxiliar Operacional,Bruno Moura,2021-05-17,"5,1",1977,CLT,Presencial,Não,Ativo,Não,,2,"2,2",2,INSS,39,18,38,"2,9",71,23,Não,21
405,Vitória Santos,Masculino,26,Casado,Técnico,Salvador,BA,Nordeste,CD Salvador,Transporte,Supervisor,Sr. Daniel Araújo,2023-10-24,"2,7",10454,CLT,Presencial,Não,Ativo,Não,,3,"0,12",0,,9,15,39,"2,6",53,24,Não,1
406,Sofia Costa,Masculino,36,Casado,Técnico,Recife,PE,Nordeste,CD Recife,Operações,Conferente,Zoe Cassiano,2017-06-14,"9,1",3141,CLT,Presencial,Não,Ativo,Não,,2,"2,46",10,Licença Médica,41,-7,30,"4,3",74,7,Sim,2
407,Luan Moreira,Feminino,24,Solteiro,Técnico,Goiânia,GO,Centro-Oeste,CD Goiânia,Centro de Distribuição,Auxiliar Operacional,Bruna Rodrigues,2021-04-21,"5,2",2261,Temporário,Híbrido,Não,Ativo,Não,,1,"2,01",15,Acidente,34,-15,53,"3,7",57,24,Não,14
408,Samuel Borges,Feminino,28,Divorciado,Médio,Guarulhos,SP,Sudeste,CD Guarulhos,Transporte,Analista,Melissa Araújo,2025-09-16,"0,8",6286,CLT,Presencial,Não,Ativo,Não,,2,"2,44",15,Licença Médica,30,17,35,"3,7",76,1,Não,22
409,Caroline Moraes,Masculino,43,Solteiro,Técnico,Salvador,BA,Nordeste,CD Salvador,RH,Analista,Mirella Nunes,2023-08-25,"2,9",5795,CLT,Presencial,Sim,Ativo,Não,,3,3,2,Licença Médica,39,-8,45,"3,3",100,38,Não,1
410,Ravi Rocha,Masculino,43,Solteiro,Médio,Brasília,DF,Centro-Oeste,CD Brasília,Operações,Conferente,Antônio Gonçalves,2019-08-22,"6,9",2332,Temporário,Presencial,Não,Ativo,Não,,2,"1,81",2,Licença Médica,51,-14,47,"2,5",67,36,Não,28
411,Alexandre Souza,Masculino,38,Casado,Superior,Salvador,BA,Nordeste,CD Salvador,Transporte,Analista,Brayan Aparecida,2017-10-06,"8,7",6282,CLT,Presencial,Não,Ativo,Não,,3,5,0,,49,12,50,"2,7",76,35,Não,27
412,Manuella Sampaio,Masculino,40,Casado,Técnico,Brasília,DF,Centro-Oeste,CD Brasília,Last Mile,Coordenador,Vitor Hugo Araújo,2019-12-06,"6,6",14996,CLT,Presencial,Não,Ativo,Não,,2,"4,34",0,,44,-4,49,"3,9",73,12,Não,19
413,Ravy Andrade,Masculino,34,Casado,Médio,Guarulhos,SP,Sudeste,CD Guarulhos,Atendimento,Assistente,Nicolas Cirino,2020-06-02,"6,1",3517,CLT,Presencial,Não,Ativo,Não,,0,"1,79",0,,11,-15,15,"4,4",100,32,Não,29
414,Otto Freitas,Masculino,44,Solteiro,MBA,Guarulhos,SP,Sudeste,CD Guarulhos,Operações,Supervisor,Melissa Garcia,2021-09-29,"4,8",9812,CLT,Presencial,Não,Ativo,Não,,1,"2,55",0,,18,21,54,4,50,15,Não,21
415,Anna Liz Rodrigues,Feminino,30,Solteiro,Técnico,Curitiba,PR,Sul,CD Curitiba,Financeiro,Assistente,Ágatha Carvalho,2017-06-05,"9,1",3155,Aprendiz,Híbrido,Não,Ativo,Não,,0,"1,48",0,,0,33,23,3,74,39,Não,22
416,Marcela Campos,Feminino,28,Casado,Médio,Guarulhos,SP,Sudeste,CD Guarulhos,Operações,Auxiliar Operacional,Vitor Gabriel Gonçalves,2018-05-19,"8,1",2519,CLT,Presencial,Não,Ativo,Não,,3,"1,95",5,Acidente,22,-14,43,"2,9",81,11,Não,22
417,Carolina Siqueira,Masculino,32,Viúvo,Médio,São Paulo,SP,Sudeste,CD São Paulo,Operações,Auxiliar Operacional,Alexandre Sá,2020-08-03,"5,9",2432,CLT,Presencial,Não,Ativo,Não,,2,"3,68",15,INSS,22,31,32,"3,7",62,21,Não,3
418,Kaique Martins,Masculino,29,Casado,Pós,Curitiba,PR,Sul,CD Curitiba,RH,Analista,Ísis Lima,2025-05-15,"1,1",5616,CLT,Presencial,Sim,Ativo,Não,,3,"2,89",0,,34,34,53,"3,1",82,1,Não,28
419,Maria Helena da Conceição,Feminino,36,Solteiro,Superior,Goiânia,GO,Centro-Oeste,CD Goiânia,Centro de Distribuição,Auxiliar Operacional,Raul Ferreira,2021-05-18,"5,1",2329,CLT,Presencial,Não,Ativo,Não,,2,"3,57",0,,31,-3,49,"3,2",75,9,Não,25
420,João Guilherme Correia,Masculino,33,Solteiro,Técnico,Guarulhos,SP,Sudeste,CD Guarulhos,Centro de Distribuição,Conferente,Srta. Ana Beatriz Ribeiro,2017-06-16,9,2372,CLT,Presencial,Não,Inativo,Sim,Desligamento sem Justa Causa,1,"1,43",0,,23,13,18,"4,4",100,5,Não,17
421,Allana da Costa,Masculino,26,Casado,Fundamental,Brasília,DF,Centro-Oeste,CD Brasília,Atendimento,Analista,Bernardo Brito,2025-02-26,"1,3",5796,CLT,Presencial,Não,Ativo,Não,,2,"1,81",0,,59,-20,18,3,63,30,Não,8
422,Ana Beatriz Machado,Masculino,33,Casado,Superior,Brasília,DF,Centro-Oeste,CD Brasília,Operações,Auxiliar Operacional,Ana Julia da Cruz,2018-11-23,"7,6",2276,CLT,Presencial,Não,Inativo,Sim,Pedido de Demissão,5,"3,43",0,,8,27,23,4,90,2,Não,16
423,Srta. Maria Liz Macedo,Masculino,33,Solteiro,Médio,Campinas,SP,Sudeste,CD Campinas,Operações,Conferente,Vitor Hugo Cunha,2025-06-15,1,2735,CLT,Presencial,Não,Ativo,Não,,2,"3,16",0,,21,-8,45,"4,1",67,18,Não,10
424,Davi Miguel Montenegro,Feminino,30,Casado,Médio,Brasília,DF,Centro-Oeste,CD Brasília,Centro de Distribuição,Conferente,Igor Siqueira,2022-09-09,"3,8",2866,CLT,Presencial,Não,Ativo,Não,,4,"2,66",0,,26,25,46,"4,3",79,20,Sim,13
425,Luiza Oliveira,Masculino,30,Casado,Técnico,Goiânia,GO,Centro-Oeste,CD Goiânia,Transporte,Supervisor,Luna da Costa,2016-04-20,"10,2",9306,CLT,Presencial,Não,Ativo,Não,,4,"4,71",10,Acidente,59,-13,14,"2,7",79,6,Não,30
426,Diego Ribeiro,Feminino,40,Casado,Fundamental,Recife,PE,Nordeste,CD Recife,Operações,Conferente,Hellena Jesus,2017-07-21,9,2209,CLT,Presencial,Não,Ativo,Não,,4,"3,38",2,INSS,40,12,30,"3,2",73,15,Não,14
427,João Guilherme Araújo,Masculino,30,Solteiro,Superior,Recife,PE,Nordeste,CD Recife,Last Mile,Motorista,Emanuella Pires,2016-11-21,"9,6",3121,CLT,Presencial,Não,Inativo,Sim,Pedido de Demissão,1,"2,19",15,Licença Médica,37,-10,10,"3,2",72,24,Não,9
428,Mariane Novais,Feminino,37,Casado,Fundamental,Campinas,SP,Sudeste,CD Campinas,Centro de Distribuição,Auxiliar Operacional,Ana Julia Ferreira,2018-08-09,"7,9",2481,CLT,Presencial,Não,Ativo,Não,,1,"2,35",0,,16,12,52,"3,6",74,26,Não,28
429,Maria Helena Viana,Feminino,41,Casado,Médio,Recife,PE,Nordeste,CD Recife,Operações,Auxiliar Operacional,Luiza Sampaio,2016-08-08,"9,9",2587,Aprendiz,Presencial,Não,Ativo,Não,,2,"3,43",0,,31,5,49,"2,5",79,0,Não,25
430,Maria Luísa Cassiano,Masculino,32,Solteiro,Médio,São Paulo,SP,Sudeste,CD São Paulo,Operações,Conferente,Marcos Vinicius Cirino,2024-03-22,"2,3",2666,CLT,Presencial,Não,Ativo,Não,,4,"4,19",0,,58,-9,17,"2,9",89,14,Não,25
431,Olívia da Costa,Masculino,55,Divorciado,MBA,Salvador,BA,Nordeste,CD Salvador,Centro de Distribuição,Supervisor,Kaique Santos,2021-07-03,5,8622,CLT,Presencial,Não,Ativo,Não,,2,"3,52",0,,17,2,57,"4,3",53,18,Sim,9
432,Ravi Araújo,Feminino,45,Solteiro,Médio,Curitiba,PR,Sul,CD Curitiba,Operações,Supervisor,Maria Sophia Leão,2017-12-03,"8,6",8500,CLT,Presencial,Não,Inativo,Sim,Fim de Contrato,1,"2,19",10,Licença Médica,16,35,16,3,84,33,Não,30
433,Vitória Carvalho,Masculino,25,Solteiro,Médio,Salvador,BA,Nordeste,CD Salvador,Transporte,Motorista,Isabelly da Cunha,2016-01-25,"10,4",3103,CLT,Presencial,Não,Ativo,Não,,2,"1,85",2,Acidente,20,-1,22,"3,4",87,40,Não,25
434,Lucas Ramos,Feminino,43,Solteiro,MBA,Curitiba,PR,Sul,CD Curitiba,Operações,Conferente,Rael Freitas,2022-08-21,"3,9",2697,CLT,Presencial,Não,Ativo,Não,,6,"2,76",2,Licença Médica,35,1,46,"3,6",81,7,Não,15
435,Vitor Gabriel Silveira,Feminino,31,Solteiro,Fundamental,Curitiba,PR,Sul,CD Curitiba,Comercial,Supervisor,Benjamim da Mata,2019-06-07,"7,1",8523,CLT,Presencial,Não,Ativo,Não,,0,"2,97",15,Acidente,42,-16,54,"3,5",78,5,Não,27
436,Ana Cecília Barbosa,Feminino,40,Solteiro,Fundamental,São Paulo,SP,Sudeste,CD São Paulo,Last Mile,Motorista,Henrique Mendes,2018-03-17,"8,3",4400,CLT,Presencial,Não,Ativo,Não,,1,"3,9",5,Acidente,37,-4,26,"3,1",75,10,Não,19
437,Lucas Gabriel da Rosa,Feminino,34,Divorciado,Fundamental,São Paulo,SP,Sudeste,CD São Paulo,Centro de Distribuição,Conferente,Heitor Correia,2020-03-05,"6,3",2556,CLT,Presencial,Não,Ativo,Não,,1,"4,88",0,,51,-10,57,"2,1",65,32,Não,18
438,Srta. Pietra da Cruz,Feminino,34,Divorciado,Médio,Goiânia,GO,Centro-Oeste,CD Goiânia,Centro de Distribuição,Conferente,Dra. Gabrielly Gonçalves,2018-02-15,"8,4",3162,CLT,Presencial,Não,Ativo,Não,,2,"2,45",10,INSS,38,21,14,"2,6",68,20,Não,25
439,Yuri Duarte,Feminino,46,Solteiro,Médio,Goiânia,GO,Centro-Oeste,CD Goiânia,Financeiro,Assistente,Mateus Martins,2025-02-21,"1,4",2864,CLT,Presencial,Não,Inativo,Sim,Desligamento sem Justa Causa,2,"4,18",0,,20,37,30,"3,9",74,15,Não,5
440,Maria Alice das Neves,Feminino,21,Casado,Superior,Recife,PE,Nordeste,CD Recife,Transporte,Supervisor,Luiz Miguel Moraes,2020-04-02,"6,2",9774,CLT,Presencial,Não,Ativo,Não,,1,"3,28",10,Licença Médica,57,-12,13,"3,3",71,38,Não,23
441,Nina Brito,Masculino,43,Solteiro,Pós,Goiânia,GO,Centro-Oeste,CD Goiânia,Operações,Conferente,Sra. Luiza Costela,2024-07-29,"1,9",2818,Temporário,Presencial,Não,Ativo,Não,,1,"4,11",0,,40,3,48,"3,5",87,20,Não,29
442,Dr. Noah Aparecida,Masculino,39,Solteiro,Pós,Recife,PE,Nordeste,CD Recife,Operações,Auxiliar Operacional,Hellena Sousa,2021-07-13,5,2357,CLT,Híbrido,Sim,Ativo,Não,,1,"3,7",0,,2,3,33,"3,7",85,16,Não,7
443,Antony da Luz,Masculino,27,Solteiro,Médio,Salvador,BA,Nordeste,CD Salvador,Transporte,Supervisor,Maria Vitória da Rocha,2019-05-02,"7,2",9164,Temporário,Presencial,Não,Ativo,Não,,3,"4,09",5,Licença Médica,20,15,12,"3,2",68,40,Não,23
444,Gael Henrique Farias,Masculino,25,Solteiro,Técnico,Guarulhos,SP,Sudeste,CD Guarulhos,Transporte,Analista,Mateus Nunes,2016-02-13,"10,4",6961,CLT,Presencial,Não,Ativo,Não,,1,"0,64",10,Licença Médica,26,-7,29,"4,1",70,12,Não,2
445,Theo Novaes,Masculino,44,Solteiro,Pós,Brasília,DF,Centro-Oeste,CD Brasília,Centro de Distribuição,Conferente,Maitê da Cunha,2018-08-31,"7,8",2651,CLT,Presencial,Não,Ativo,Não,,2,"4,86",10,Acidente,46,-10,36,"2,9",66,13,Não,21
446,Rebeca Marques,Masculino,31,Casado,Fundamental,Salvador,BA,Nordeste,CD Salvador,Tecnologia,Analista,Luiz Gustavo Cavalcante,2021-08-19,"4,9",6316,CLT,Presencial,Não,Ativo,Não,,2,"1,17",10,INSS,23,37,33,"3,4",74,39,Não,24
447,Yago Mendonça,Masculino,22,Casado,Médio,Campinas,SP,Sudeste,CD Campinas,Centro de Distribuição,Supervisor,Vitor Hugo Ramos,2020-05-17,"6,1",8227,CLT,Presencial,Não,Ativo,Não,,3,"4,5",15,Acidente,43,-14,21,"2,8",94,36,Não,17
448,Vinicius Andrade,Masculino,37,Divorciado,Médio,Guarulhos,SP,Sudeste,CD Guarulhos,Operações,Supervisor,Benicio Teixeira,2025-12-06,"0,6",8675,CLT,Presencial,Não,Ativo,Não,,1,"1,19",0,,2,32,29,3,59,38,Não,2
449,Noah Carvalho,Feminino,26,Divorciado,Fundamental,Campinas,SP,Sudeste,CD Campinas,Centro de Distribuição,Auxiliar Operacional,Isabel Azevedo,2022-05-26,"4,1",2008,CLT,Presencial,Não,Ativo,Não,,1,"4,54",0,,56,-20,26,"2,4",72,8,Não,19
450,Srta. Alexia Cunha,Masculino,41,Casado,Médio,Brasília,DF,Centro-Oeste,CD Brasília,Centro de Distribuição,Conferente,Mirella Freitas,2025-12-07,"0,6",2843,CLT,Presencial,Não,Ativo,Não,,1,"5,52",0,,8,-8,13,"3,7",73,35,Não,23
451,Rodrigo Ribeiro,Feminino,46,Casado,Médio,Brasília,DF,Centro-Oeste,CD Brasília,Financeiro,Coordenador,Allana Abreu,2021-11-23,"4,6",13030,CLT,Presencial,Não,Ativo,Não,,3,"4,16",2,INSS,36,18,37,"4,2",85,0,Não,4
452,Maria Sophia Albuquerque,Masculino,29,Solteiro,Superior,Curitiba,PR,Sul,CD Curitiba,Jurídico,Analista,Vinícius Silveira,2018-01-19,"8,5",6163,CLT,Presencial,Sim,Ativo,Não,,6,"2,05",0,,12,24,15,"3,7",79,36,Não,4
453,Vitor Gabriel da Paz,Feminino,40,Casado,Médio,Salvador,BA,Nordeste,CD Salvador,Transporte,Motorista,Theodoro Sampaio,2022-04-10,"4,2",4284,CLT,Presencial,Não,Ativo,Não,,5,"1,22",0,,25,30,25,"3,1",63,12,Não,25
454,Marina Cavalcanti,Feminino,42,Divorciado,Técnico,Goiânia,GO,Centro-Oeste,CD Goiânia,Operações,Supervisor,Calebe Moura,2025-12-10,"0,6",8817,CLT,Presencial,Sim,Ativo,Não,,1,"1,97",0,,22,32,41,3,82,37,Não,2
455,Isaque Correia,Feminino,41,Solteiro,Médio,Curitiba,PR,Sul,CD Curitiba,Financeiro,Analista,Valentina da Cunha,2020-08-06,"5,9",6562,CLT,Presencial,Não,Ativo,Não,,3,"2,52",0,,19,7,43,"3,3",74,0,Não,8
456,Dr. Miguel Barros,Masculino,25,Solteiro,Superior,Curitiba,PR,Sul,CD Curitiba,RH,Gerente,Dr. Raul Nunes,2019-03-30,"7,3",19316,CLT,Presencial,Não,Ativo,Não,,2,"2,91",0,,32,26,39,"3,5",82,25,Não,18
457,Henry Gabriel da Rosa,Feminino,39,Solteiro,Médio,Curitiba,PR,Sul,CD Curitiba,Transporte,Analista,Anna Liz Rezende,2017-01-10,"9,5",6016,CLT,Presencial,Não,Ativo,Não,,4,"4,02",0,,19,-14,29,"2,8",79,33,Não,2
458,Ana Beatriz Borges,Masculino,36,Solteiro,Médio,Goiânia,GO,Centro-Oeste,CD Goiânia,Transporte,Analista,Maria Helena Garcia,2018-06-13,"8,1",5779,CLT,Presencial,Não,Ativo,Não,,4,"2,99",10,Acidente,22,36,59,"2,7",87,36,Não,28
459,Olívia Araújo,Masculino,33,Solteiro,Superior,Brasília,DF,Centro-Oeste,CD Brasília,Operações,Supervisor,Alexia Sampaio,2023-02-08,"3,4",10093,CLT,Híbrido,Não,Ativo,Não,,1,"4,1",15,INSS,49,33,47,"2,4",81,20,Não,13
460,Bryan Monteiro,Masculino,37,Solteiro,Superior,Campinas,SP,Sudeste,CD Campinas,Operações,Conferente,Luísa Nunes,2020-07-29,"5,9",2808,CLT,Presencial,Não,Ativo,Não,,1,"2,44",15,Acidente,38,25,35,"3,5",83,30,Não,7
461,Vinícius Aparecida,Masculino,44,Solteiro,Médio,Brasília,DF,Centro-Oeste,CD Brasília,Centro de Distribuição,Conferente,Heitor Sales,2024-01-19,"2,4",2837,CLT,Presencial,Não,Ativo,Não,,1,"3,2",5,Acidente,34,32,59,"3,1",38,7,Não,26
462,Olívia da Mata,Feminino,32,Solteiro,Técnico,Brasília,DF,Centro-Oeste,CD Brasília,Operações,Auxiliar Operacional,Breno Rodrigues,2023-08-05,"2,9",2573,CLT,Presencial,Não,Ativo,Não,,3,"2,66",5,INSS,19,-7,23,"4,3",67,5,Não,13
463,Yago Nunes,Masculino,31,Casado,Superior,Salvador,BA,Nordeste,CD Salvador,Centro de Distribuição,Supervisor,Ana Beatriz Cavalcanti,2017-04-09,"9,2",9608,CLT,Presencial,Não,Ativo,Não,,2,"1,83",0,,15,-1,31,"3,1",88,22,Não,8
464,Sr. Gustavo Henrique Pastor,Masculino,45,Divorciado,Pós,São Paulo,SP,Sudeste,CD São Paulo,Last Mile,Supervisor,Miguel Barbosa,2017-07-11,9,8499,CLT,Presencial,Não,Inativo,Sim,Pedido de Demissão,1,"0,44",10,INSS,16,-8,11,"3,6",84,13,Não,23
465,Enrico Nunes,Feminino,33,Solteiro,Pós,Guarulhos,SP,Sudeste,CD Guarulhos,Centro de Distribuição,Supervisor,Mathias Rocha,2021-06-06,"5,1",8732,CLT,Presencial,Não,Inativo,Sim,Desligamento sem Justa Causa,4,"2,98",2,INSS,55,-6,47,"4,4",70,23,Sim,7
466,Luísa Gomes,Feminino,39,Solteiro,Superior,Brasília,DF,Centro-Oeste,CD Brasília,Centro de Distribuição,Conferente,Srta. Anna Liz Montenegro,2023-02-07,"3,4",2278,CLT,Presencial,Não,Ativo,Não,,1,"2,38",0,,16,-12,22,"2,7",44,5,Não,29
467,Sra. Ana Júlia Brito,Feminino,18,Solteiro,Técnico,Goiânia,GO,Centro-Oeste,CD Goiânia,Operações,Auxiliar Operacional,Isabel Barbosa,2017-11-20,"8,6",1946,CLT,Presencial,Não,Ativo,Não,,2,"4,51",0,,6,-13,57,"2,8",67,20,Não,10
468,Dr. Luan Alves,Feminino,39,Casado,Técnico,Recife,PE,Nordeste,CD Recife,Last Mile,Motorista,Júlia Viana,2024-10-31,"1,7",4062,CLT,Presencial,Não,Ativo,Não,,1,"3,58",2,Acidente,18,-19,39,"2,8",74,12,Não,29
469,Rebeca da Conceição,Masculino,35,Casado,Superior,Recife,PE,Nordeste,CD Recife,RH,Analista,Dr. Pedro Cirino,2023-08-20,"2,9",6727,CLT,Presencial,Não,Ativo,Não,,2,"1,58",0,,19,40,27,"3,4",70,0,Não,24
470,Maria Helena Barros,Feminino,31,Casado,Pós,Recife,PE,Nordeste,CD Recife,Operações,Conferente,Laís da Cruz,2021-07-07,5,2796,CLT,Presencial,Não,Ativo,Não,,1,"4,92",0,,43,35,39,"2,6",78,21,Não,13
471,Srta. Antonella da Mata,Feminino,18,Solteiro,Médio,São Paulo,SP,Sudeste,CD São Paulo,Comercial,Supervisor,Mateus Silva,2025-05-20,"1,1",10291,CLT,Presencial,Não,Ativo,Não,,1,"3,78",10,Acidente,12,6,58,"4,1",66,20,Não,0
472,Daniela Sousa,Masculino,27,Divorciado,Superior,Guarulhos,SP,Sudeste,CD Guarulhos,RH,Gerente,Luiza Fonseca,2017-07-23,"8,9",19646,CLT,Presencial,Não,Ativo,Não,,4,"4,42",0,,14,1,47,"3,2",81,6,Não,14
473,Caleb Abreu,Masculino,25,Solteiro,Pós,Campinas,SP,Sudeste,CD Campinas,Atendimento,Supervisor,Pedro Miguel Fonseca,2019-08-02,"6,9",8583,CLT,Presencial,Não,Inativo,Sim,Fim de Contrato,1,"2,42",2,Acidente,5,12,32,"3,2",96,12,Não,21
474,Cauã Cardoso,Masculino,37,Solteiro,Superior,Salvador,BA,Nordeste,CD Salvador,RH,Analista,Francisco Lopes,2016-12-01,"9,6",6597,Aprendiz,Presencial,Não,Ativo,Não,,3,"4,16",2,INSS,48,15,58,2,68,33,Não,15
475,Sophie Jesus,Feminino,32,Solteiro,Superior,Brasília,DF,Centro-Oeste,CD Brasília,Centro de Distribuição,Conferente,Apollo Borges,2016-09-26,"9,8",2993,CLT,Presencial,Não,Ativo,Não,,1,"6,22",0,,30,14,49,3,90,32,Não,0
476,Sr. Luan Gomes,Feminino,18,Viúvo,Técnico,São Paulo,SP,Sudeste,CD São Paulo,Transporte,Analista,João Vitor Jesus,2025-11-20,"0,6",5025,CLT,Presencial,Não,Ativo,Não,,0,"3,71",15,Licença Médica,13,14,19,"3,1",78,21,Não,8
477,Antonella Silveira,Feminino,26,Casado,Técnico,Campinas,SP,Sudeste,CD Campinas,Transporte,Supervisor,Isabelly Oliveira,2022-08-12,"3,9",7503,CLT,Presencial,Não,Ativo,Não,,2,"5,18",2,INSS,20,2,31,"3,7",55,17,Não,7
478,Eloá Rodrigues,Feminino,25,Casado,Técnico,Goiânia,GO,Centro-Oeste,CD Goiânia,Operações,Supervisor,Eloá Carvalho,2025-11-12,"0,6",10430,CLT,Presencial,Não,Ativo,Não,,4,"1,46",2,Licença Médica,12,-16,13,"2,8",70,35,Não,26
479,Kevin da Mata,Masculino,37,Divorciado,Técnico,Salvador,BA,Nordeste,CD Salvador,Operações,Auxiliar Operacional,Clara Azevedo,2018-02-17,"8,4",2161,Temporário,Presencial,Não,Ativo,Não,,2,"2,64",15,INSS,28,4,31,"3,7",71,17,Não,11
480,Pedro Henrique da Mota,Masculino,32,Casado,Fundamental,Goiânia,GO,Centro-Oeste,CD Goiânia,Atendimento,Assistente,Letícia Mendes,2019-09-30,"6,8",3639,CLT,Presencial,Não,Ativo,Não,,2,"2,09",5,INSS,9,13,23,"4,2",60,18,Não,29
481,Luiz Miguel da Cunha,Masculino,44,Solteiro,Fundamental,Guarulhos,SP,Sudeste,CD Guarulhos,Last Mile,Coordenador,Thales Peixoto,2024-08-18,"1,9",14959,CLT,Híbrido,Não,Ativo,Não,,1,"3,74",0,,53,31,58,"2,7",83,19,Não,15
482,Fernanda Marques,Feminino,27,Casado,Médio,Campinas,SP,Sudeste,CD Campinas,Operações,Conferente,Davi Luiz da Rosa,2023-12-04,"2,6",2944,CLT,Presencial,Não,Ativo,Não,,2,"6,85",0,,57,24,18,"3,5",88,14,Não,6
483,Miguel Farias,Masculino,33,Solteiro,Superior,Brasília,DF,Centro-Oeste,CD Brasília,Transporte,Motorista,Maria Helena Farias,2021-08-18,"4,9",4013,CLT,Presencial,Sim,Ativo,Não,,3,"2,98",15,INSS,43,27,47,"3,4",87,20,Não,16
484,Lívia Lopes,Masculino,45,Casado,Técnico,São Paulo,SP,Sudeste,CD São Paulo,Operações,Conferente,Catarina da Rosa,2018-06-05,"8,1",2538,CLT,Presencial,Não,Inativo,Sim,Pedido de Demissão,3,"3,72",2,Licença Médica,36,6,55,"3,5",59,33,Não,0
485,Sr. Rhavi Dias,Masculino,36,Casado,Superior,Curitiba,PR,Sul,CD Curitiba,Transporte,Analista,Miguel Dias,2025-07-27,"0,9",6841,CLT,Presencial,Não,Ativo,Não,,3,"3,3",15,Acidente,34,10,42,"3,2",83,6,Não,7
486,Samuel Oliveira,Masculino,59,Casado,Técnico,Curitiba,PR,Sul,CD Curitiba,Centro de Distribuição,Auxiliar Operacional,Luan Garcia,2018-12-04,"7,6",2100,CLT,Presencial,Não,Ativo,Não,,1,"2,57",2,Acidente,36,15,17,"3,1",65,8,Não,29
487,Matteo Fonseca,Masculino,29,Solteiro,Médio,Goiânia,GO,Centro-Oeste,CD Goiânia,Transporte,Analista,Guilherme Pastor,2016-02-01,"10,4",6343,CLT,Presencial,Não,Inativo,Sim,Desligamento sem Justa Causa,2,"3,69",15,Licença Médica,33,5,17,"3,2",79,23,Não,15
488,Emilly Rodrigues,Feminino,20,Casado,Superior,Guarulhos,SP,Sudeste,CD Guarulhos,Operações,Supervisor,Amanda Siqueira,2020-12-13,"5,6",10320,CLT,Presencial,Não,Ativo,Não,,3,"0,95",10,Acidente,21,-5,37,"3,4",65,21,Não,17
489,Giovanna Macedo,Masculino,57,Solteiro,Técnico,São Paulo,SP,Sudeste,CD São Paulo,Last Mile,Coordenador,Bernardo Vieira,2026-04-19,"0,2",14097,CLT,Presencial,Não,Ativo,Não,,3,"4,47",15,Licença Médica,58,-14,57,"3,1",74,9,Não,23
490,Sara Carvalho,Feminino,39,Casado,Médio,Goiânia,GO,Centro-Oeste,CD Goiânia,Operações,Conferente,Liz da Costa,2021-06-13,"5,1",2846,CLT,Presencial,Não,Ativo,Não,,1,"4,61",15,Acidente,47,27,31,"2,6",78,33,Não,29
491,Eduardo Silva,Masculino,50,Solteiro,Médio,Guarulhos,SP,Sudeste,CD Guarulhos,Operações,Auxiliar Operacional,Maria Flor Barbosa,2020-10-17,"5,7",2077,CLT,Presencial,Não,Ativo,Não,,2,"3,62",10,Acidente,59,14,58,"3,1",72,15,Não,7
492,Pietra Pacheco,Masculino,42,Solteiro,Técnico,Campinas,SP,Sudeste,CD Campinas,Last Mile,Coordenador,Yasmin Montenegro,2025-09-30,"0,8",14145,CLT,Presencial,Não,Ativo,Não,,4,"2,37",2,Acidente,37,13,32,"2,4",61,24,Não,24
493,Sra. Ísis Andrade,Feminino,18,Casado,Superior,Curitiba,PR,Sul,CD Curitiba,Operações,Supervisor,Sr. Cauê Vargas,2021-07-27,"4,9",7358,CLT,Presencial,Não,Ativo,Não,,3,"1,97",0,,16,-4,39,"3,1",92,25,Não,20
494,Luiz Gustavo Cavalcante,Feminino,57,Casado,Superior,Recife,PE,Nordeste,CD Recife,Operações,Supervisor,Ana Clara Nunes,2020-06-08,"6,1",7804,CLT,Presencial,Não,Ativo,Não,,2,"1,52",5,Licença Médica,16,23,51,"2,8",69,30,Não,1
495,Maria Liz Sá,Masculino,35,Casado,Médio,São Paulo,SP,Sudeste,CD São Paulo,Centro de Distribuição,Supervisor,Dr. Cauê Albuquerque,2017-04-03,"9,2",7679,CLT,Presencial,Não,Ativo,Não,,2,"1,81",2,Acidente,10,28,31,"3,6",88,25,Não,20
496,José Pedro Câmara,Feminino,28,Solteiro,Médio,Guarulhos,SP,Sudeste,CD Guarulhos,Financeiro,Coordenador,Stella Novais,2022-12-17,"3,5",13762,CLT,Presencial,Não,Ativo,Não,,2,"2,65",10,Acidente,38,30,13,"3,3",88,19,Não,25
497,Hellena Machado,Feminino,35,Casado,Fundamental,Salvador,BA,Nordeste,CD Salvador,Financeiro,Analista,Dr. Ravi Vargas,2025-11-17,"0,6",5921,CLT,Presencial,Sim,Ativo,Não,,3,"0,83",0,,3,1,29,"3,2",81,15,Não,6
498,Sarah Cassiano,Masculino,37,Casado,Técnico,Guarulhos,SP,Sudeste,CD Guarulhos,Last Mile,Supervisor,Sr. Rodrigo Caldeira,2019-08-19,"6,9",8301,Temporário,Presencial,Não,Ativo,Não,,1,"2,36",5,Licença Médica,13,36,27,"4,5",70,17,Não,12
499,Oliver Barros,Feminino,50,Solteiro,Médio,Guarulhos,SP,Sudeste,CD Guarulhos,Last Mile,Supervisor,Diego Ferreira,2020-04-02,"6,2",9018,CLT,Presencial,Não,Ativo,Não,,1,"3,53",5,Acidente,15,40,54,"3,9",50,29,Não,1
500,Luigi Marques,Feminino,40,Casado,Médio,Brasília,DF,Centro-Oeste,CD Brasília,Financeiro,Analista,Vicente Mendes,2024-03-10,"2,3",5119,CLT,Híbrido,Não,Ativo,Não,,1,"2,94",15,Licença Médica,43,39,17,3,88,24,Não,30
501,Dr. Calebe Macedo,Masculino,39,Casado,Técnico,Curitiba,PR,Sul,CD Curitiba,Operações,Supervisor,Dra. Milena Dias,2025-01-20,"1,4",7370,CLT,Presencial,Não,Ativo,Não,,3,"1,94",10,INSS,17,-15,37,"4,6",69,35,Não,12
502,Kaique Aparecida,Masculino,28,Solteiro,Superior,São Paulo,SP,Sudeste,CD São Paulo,Last Mile,Supervisor,Srta. Alícia Fernandes,2025-08-31,"0,8",10931,Temporário,Presencial,Não,Ativo,Não,,5,"1,37",0,,22,9,41,"2,6",83,31,Não,25
503,Bianca Rocha,Feminino,45,Solteiro,Superior,Goiânia,GO,Centro-Oeste,CD Goiânia,Atendimento,Analista,Joaquim Moreira,2017-06-23,9,5331,CLT,Presencial,Não,Ativo,Não,,1,"1,92",0,,9,37,34,"2,8",62,4,Não,5
504,Yuri Castro,Masculino,43,Casado,Pós,Brasília,DF,Centro-Oeste,CD Brasília,Last Mile,Coordenador,Dr. Ravi da Conceição,2025-02-18,"1,4",12360,CLT,Presencial,Não,Ativo,Não,,4,"3,78",15,Acidente,14,-1,38,"3,3",75,21,Não,17
505,Ester Cirino,Masculino,34,Casado,Técnico,Guarulhos,SP,Sudeste,CD Guarulhos,Transporte,Supervisor,Marina Gonçalves,2026-03-21,"0,3",7192,CLT,Presencial,Não,Ativo,Não,,1,"2,13",5,Acidente,54,-2,54,"3,1",85,25,Não,11
506,Gael Henrique Machado,Feminino,29,Divorciado,Médio,Curitiba,PR,Sul,CD Curitiba,Operações,Auxiliar Operacional,Mariane Gomes,2019-11-22,"6,6",2576,CLT,Presencial,Não,Ativo,Não,,0,"3,32",0,,21,8,41,"4,7",70,32,Sim,4
507,Heitor Costela,Masculino,27,Casado,Fundamental,Guarulhos,SP,Sudeste,CD Guarulhos,RH,Coordenador,Benício Oliveira,2021-02-08,"5,4",13574,CLT,Presencial,Não,Ativo,Não,,2,"1,31",0,,35,-17,53,"2,9",63,18,Não,1
508,Vitor Gabriel Cirino,Masculino,48,Casado,Médio,Goiânia,GO,Centro-Oeste,CD Goiânia,Operações,Conferente,Dr. Gael Henrique Marques,2022-09-17,"3,8",2687,CLT,Presencial,Não,Ativo,Não,,4,"1,22",0,,33,-6,60,"2,8",57,23,Não,19
509,João Rios,Masculino,30,Casado,Técnico,Salvador,BA,Nordeste,CD Salvador,Centro de Distribuição,Auxiliar Operacional,Vitória Porto,2020-09-10,"5,8",2269,CLT,Presencial,Não,Ativo,Não,,0,"2,84",0,,3,-16,21,"3,2",78,12,Não,23
510,Dr. Matteo Pastor,Feminino,47,Divorciado,Técnico,Recife,PE,Nordeste,CD Recife,Atendimento,Assistente,Luiz Fernando Fogaça,2025-05-20,"1,1",4165,CLT,Presencial,Não,Ativo,Não,,3,"2,03",5,Acidente,20,5,41,"2,6",91,9,Não,22
511,Emanuella Rocha,Masculino,39,Casado,Médio,Curitiba,PR,Sul,CD Curitiba,Last Mile,Coordenador,Sra. Antonella Rocha,2017-09-16,"8,8",15063,CLT,Híbrido,Não,Ativo,Não,,2,"2,53",15,Licença Médica,29,-6,55,"4,5",66,2,Não,9
512,Levi Campos,Feminino,29,Casado,Técnico,Salvador,BA,Nordeste,CD Salvador,Transporte,Analista,Leandro Camargo,2021-06-05,"5,1",6032,CLT,Híbrido,Não,Ativo,Não,,0,"2,45",15,Licença Médica,16,-2,40,"2,5",61,8,Não,3
513,Marcelo Sales,Feminino,31,Casado,Médio,Guarulhos,SP,Sudeste,CD Guarulhos,RH,Analista,Thomas Gomes,2024-06-06,"2,1",5721,CLT,Presencial,Não,Ativo,Não,,2,"1,29",0,,23,-16,39,"3,9",69,0,Não,21
514,Cecilia Oliveira,Feminino,43,Solteiro,Superior,Goiânia,GO,Centro-Oeste,CD Goiânia,Jurídico,Analista,Mariana Cirino,2026-05-09,"0,1",5422,CLT,Presencial,Não,Ativo,Não,,2,"2,22",10,Licença Médica,26,37,35,"3,1",90,22,Não,5
515,Zoe Sales,Masculino,36,Solteiro,Médio,Salvador,BA,Nordeste,CD Salvador,Last Mile,Coordenador,Emanuella Novais,2020-01-05,"6,5",14967,CLT,Presencial,Não,Ativo,Não,,2,"1,95",0,,44,-2,37,"4,1",89,26,Não,12
516,Samuel da Paz,Masculino,36,Solteiro,Superior,Recife,PE,Nordeste,CD Recife,RH,Coordenador,Francisco Dias,2025-07-08,1,13951,CLT,Presencial,Não,Ativo,Não,,4,"4,04",15,Licença Médica,26,-7,46,"3,1",85,29,Não,6
517,Ana Júlia Fogaça,Masculino,27,Solteiro,Pós,Brasília,DF,Centro-Oeste,CD Brasília,Operações,Conferente,Ryan Carvalho,2023-06-24,3,2493,CLT,Presencial,Não,Ativo,Não,,1,"0,92",0,,6,31,31,"2,9",85,21,Não,20
518,Matheus Novais,Feminino,31,Solteiro,Técnico,Campinas,SP,Sudeste,CD Campinas,Transporte,Motorista,Sabrina Jesus,2023-12-07,"2,6",4321,CLT,Presencial,Não,Ativo,Não,,5,"1,72",15,Licença Médica,22,19,51,"2,7",57,26,Não,7
519,Rebeca Leão,Feminino,26,Casado,Fundamental,São Paulo,SP,Sudeste,CD São Paulo,Financeiro,Coordenador,Sra. Rebeca Cavalcante,2022-06-13,"4,1",13850,CLT,Presencial,Não,Ativo,Não,,2,"2,88",0,,14,13,27,"2,8",79,30,Não,26
520,Arthur Vieira,Masculino,37,Solteiro,Fundamental,Guarulhos,SP,Sudeste,CD Guarulhos,Centro de Distribuição,Conferente,João Vitor Andrade,2016-12-25,"9,5",2903,CLT,Presencial,Sim,Ativo,Não,,0,"3,51",0,,11,6,40,"3,2",72,38,Não,14
521,Henry Gabriel Nascimento,Feminino,38,Solteiro,Médio,Goiânia,GO,Centro-Oeste,CD Goiânia,Transporte,Analista,Enzo Gabriel Vasconcelos,2016-08-21,"9,9",6175,CLT,Presencial,Não,Ativo,Não,,3,"2,71",0,,17,-11,27,"2,9",58,21,Não,18
522,Sabrina Novaes,Masculino,21,Viúvo,Médio,Brasília,DF,Centro-Oeste,CD Brasília,Last Mile,Motorista,Brenda Oliveira,2025-04-11,"1,2",3846,CLT,Presencial,Não,Ativo,Não,,2,"1,59",0,,35,35,17,"4,4",86,17,Não,8
523,João Felipe Vasconcelos,Feminino,33,Casado,Superior,Recife,PE,Nordeste,CD Recife,Centro de Distribuição,Supervisor,Maria Clara Nogueira,2020-09-17,"5,8",9156,CLT,Híbrido,Não,Ativo,Não,,3,"3,33",0,,4,25,15,"3,4",76,1,Não,28
524,Pedro Lucas Nogueira,Masculino,42,Casado,Médio,Recife,PE,Nordeste,CD Recife,Transporte,Motorista,Otávio Caldeira,2025-08-24,"0,9",2836,CLT,Presencial,Não,Ativo,Não,,4,"3,92",2,Licença Médica,58,35,12,"2,9",78,14,Não,28
525,Dra. Isadora da Rosa,Feminino,33,Casado,Médio,Brasília,DF,Centro-Oeste,CD Brasília,Financeiro,Analista,Rael da Luz,2024-08-24,"1,9",6797,Temporário,Presencial,Não,Ativo,Não,,4,"0,1",2,INSS,38,20,24,"3,7",73,12,Não,9
526,Sr. Pedro Lucas Campos,Feminino,35,Divorciado,Superior,São Paulo,SP,Sudeste,CD São Paulo,Operações,Auxiliar Operacional,Gustavo Henrique Sousa,2020-05-25,"6,1",2374,CLT,Presencial,Não,Ativo,Não,,2,"4,01",2,Acidente,27,27,52,3,65,9,Não,8
527,Marcela Santos,Feminino,27,Divorciado,Técnico,Campinas,SP,Sudeste,CD Campinas,Centro de Distribuição,Auxiliar Operacional,Mariane Cavalcante,2016-06-09,"10,1",2178,CLT,Presencial,Não,Ativo,Não,,3,"3,4",2,Acidente,17,15,38,"3,1",71,36,Não,16
528,Cecilia Viana,Feminino,39,Solteiro,Fundamental,Recife,PE,Nordeste,CD Recife,Centro de Distribuição,Supervisor,Gustavo Araújo,2017-06-11,"9,1",9629,CLT,Presencial,Não,Ativo,Não,,6,"4,32",10,Acidente,47,-11,56,"3,6",75,11,Não,0
529,Marcela Nascimento,Feminino,45,Casado,Superior,Brasília,DF,Centro-Oeste,CD Brasília,Transporte,Motorista,Vitor Gabriel Cavalcante,2016-05-12,"10,1",2871,CLT,Presencial,Não,Ativo,Não,,0,"4,66",2,INSS,18,10,15,"3,7",99,3,Não,10
530,Dr. João Vitor Oliveira,Feminino,31,Divorciado,Médio,São Paulo,SP,Sudeste,CD São Paulo,Operações,Supervisor,Théo Rocha,2022-12-14,"3,5",8436,CLT,Presencial,Não,Ativo,Não,,0,"4,1",15,Licença Médica,54,9,35,"2,8",73,6,Não,6
531,Davi Luiz Sá,Masculino,32,Casado,Superior,Guarulhos,SP,Sudeste,CD Guarulhos,Last Mile,Coordenador,Ana Liz da Mota,2025-10-06,"0,7",14658,CLT,Presencial,Não,Ativo,Não,,5,"4,74",5,Licença Médica,51,6,18,"2,8",50,4,Não,18
532,Carolina Sampaio,Feminino,33,Divorciado,Médio,Salvador,BA,Nordeste,CD Salvador,Operações,Supervisor,Josué Casa Grande,2019-03-18,"7,3",9087,CLT,Presencial,Não,Ativo,Não,,3,"2,87",0,,34,12,45,"3,4",74,27,Não,15
533,Sra. Isadora Teixeira,Feminino,40,Solteiro,Superior,Brasília,DF,Centro-Oeste,CD Brasília,Centro de Distribuição,Conferente,Maria Júlia Mendonça,2018-01-28,"8,4",3007,CLT,Presencial,Não,Ativo,Não,,0,"3,42",2,Licença Médica,55,18,19,"3,5",80,35,Não,24
534,João Felipe Pires,Feminino,47,Solteiro,Técnico,São Paulo,SP,Sudeste,CD São Paulo,Operações,Supervisor,Maria Flor Machado,2022-07-05,4,7827,CLT,Presencial,Não,Ativo,Não,,3,"1,71",2,Licença Médica,18,40,23,"3,4",72,12,Não,8
535,Caleb Guerra,Feminino,28,Divorciado,Médio,São Paulo,SP,Sudeste,CD São Paulo,Last Mile,Motorista,Lara Sales,2021-07-24,"4,9",3149,CLT,Híbrido,Não,Ativo,Não,,0,"2,18",0,,49,4,18,"2,9",72,38,Não,29
536,Dr. Ryan Duarte,Masculino,35,Casado,MBA,Recife,PE,Nordeste,CD Recife,Last Mile,Motorista,Agatha Vasconcelos,2018-02-22,"8,4",4153,CLT,Presencial,Não,Ativo,Não,,5,"2,19",2,Acidente,36,-7,43,"2,5",80,10,Não,24
537,Srta. Natália Porto,Masculino,39,Casado,Médio,Goiânia,GO,Centro-Oeste,CD Goiânia,Operações,Auxiliar Operacional,Maria Alice Azevedo,2020-01-13,"6,5",2422,CLT,Presencial,Não,Ativo,Não,,3,"4,99",0,,33,8,34,"3,3",69,12,Não,29
538,Maria Laura Cunha,Masculino,41,Casado,Médio,São Paulo,SP,Sudeste,CD São Paulo,Centro de Distribuição,Supervisor,Hadassa Monteiro,2021-01-30,"5,4",7174,CLT,Presencial,Não,Ativo,Não,,0,"3,34",2,Licença Médica,37,24,52,"2,6",76,7,Não,6
539,Lorenzo da Paz,Feminino,31,Solteiro,Médio,São Paulo,SP,Sudeste,CD São Paulo,Centro de Distribuição,Supervisor,Sr. Ryan Viana,2022-05-10,"4,1",10824,CLT,Presencial,Não,Ativo,Não,,4,"5,69",0,,59,24,58,3,61,16,Não,3
540,Sr. Augusto Brito,Masculino,24,Solteiro,Médio,Campinas,SP,Sudeste,CD Campinas,Jurídico,Analista,Natália Almeida,2024-12-10,"1,6",4715,CLT,Presencial,Não,Ativo,Não,,1,"2,67",0,,32,14,15,"3,5",70,22,Não,6
541,Emanuel Macedo,Masculino,47,Casado,Médio,Guarulhos,SP,Sudeste,CD Guarulhos,Last Mile,Coordenador,Agatha Lima,2023-07-27,"2,9",13137,CLT,Presencial,Não,Ativo,Não,,2,"4,71",5,INSS,39,-3,55,"2,8",71,9,Não,6
542,Davi Lucca Rezende,Feminino,18,Casado,Médio,Goiânia,GO,Centro-Oeste,CD Goiânia,Last Mile,Coordenador,Emanuel da Mota,2016-07-15,10,15082,CLT,Presencial,Não,Ativo,Não,,5,"1,42",0,,0,-8,33,"3,9",54,39,Não,13
543,Luiz Miguel da Cunha,Feminino,44,Casado,Médio,Salvador,BA,Nordeste,CD Salvador,Transporte,Analista,Marcelo Rios,2017-01-10,"9,5",6316,CLT,Presencial,Não,Ativo,Não,,1,"2,33",15,Licença Médica,24,31,50,"3,5",86,3,Não,12
544,Eloah Aragão,Feminino,32,Casado,Técnico,Campinas,SP,Sudeste,CD Campinas,Centro de Distribuição,Conferente,Lorena Silveira,2023-01-12,"3,5",2462,CLT,Presencial,Não,Ativo,Não,,4,"5,14",15,Acidente,22,1,56,"2,8",55,36,Não,23
545,Srta. Mariane Rezende,Masculino,35,Solteiro,Superior,Recife,PE,Nordeste,CD Recife,Operações,Auxiliar Operacional,Calebe Abreu,2021-10-23,"4,7",1986,CLT,Presencial,Não,Ativo,Não,,2,"4,29",0,,59,26,17,"3,5",67,23,Não,17
546,Rhavi Barbosa,Feminino,40,Divorciado,Médio,Brasília,DF,Centro-Oeste,CD Brasília,Last Mile,Motorista,Henry Gabriel Moreira,2024-05-21,"2,1",4426,CLT,Presencial,Não,Ativo,Não,,2,"2,33",2,INSS,23,23,49,"2,6",78,21,Não,17
547,Melina Albuquerque,Feminino,26,Solteiro,Médio,Brasília,DF,Centro-Oeste,CD Brasília,Last Mile,Coordenador,Luigi Campos,2021-11-27,"4,6",11666,CLT,Presencial,Não,Ativo,Não,,2,"3,4",0,,34,28,19,"3,4",91,1,Não,30
548,Caroline Mendes,Feminino,26,Solteiro,Técnico,Campinas,SP,Sudeste,CD Campinas,Transporte,Supervisor,Ian Gomes,2019-03-14,"7,3",9501,CLT,Presencial,Sim,Ativo,Não,,0,"2,98",5,Licença Médica,43,-10,24,"3,1",75,33,Não,12
549,Cauã Caldeira,Feminino,33,Casado,Técnico,Brasília,DF,Centro-Oeste,CD Brasília,Centro de Distribuição,Supervisor,Dr. Kaique Carvalho,2017-06-01,"9,1",7376,CLT,Híbrido,Não,Ativo,Não,,1,"3,87",2,INSS,55,-20,31,"3,2",72,14,Não,25
550,Catarina Ramos,Feminino,28,Casado,Técnico,São Paulo,SP,Sudeste,CD São Paulo,Financeiro,Assistente,Cecília Azevedo,2021-04-12,"5,2",3258,CLT,Presencial,Não,Ativo,Não,,0,"2,31",15,INSS,22,23,24,"3,5",73,36,Não,26
551,Alexia Pimenta,Feminino,48,Viúvo,Superior,Curitiba,PR,Sul,CD Curitiba,Operações,Supervisor,Eloah Macedo,2024-06-10,"2,1",8097,CLT,Presencial,Não,Ativo,Não,,5,"1,14",5,Acidente,2,5,36,"3,9",83,37,Não,21
552,Sr. Dom Jesus,Feminino,53,Viúvo,Fundamental,Campinas,SP,Sudeste,CD Campinas,Atendimento,Assistente,Melina Cunha,2022-11-02,"3,7",3426,CLT,Presencial,Não,Ativo,Não,,4,"3,83",2,Acidente,34,-4,16,"3,3",85,16,Não,22
553,Carlos Eduardo Carvalho,Feminino,29,Casado,Técnico,Campinas,SP,Sudeste,CD Campinas,Transporte,Analista,Matheus Ferreira,2022-12-31,"3,5",6744,CLT,Presencial,Não,Ativo,Não,,2,"4,14",0,,27,-20,23,"4,5",70,7,Não,1
554,Luara Vieira,Feminino,42,Viúvo,Fundamental,Curitiba,PR,Sul,CD Curitiba,Transporte,Analista,Josué da Mota,2017-07-27,"8,9",5643,CLT,Presencial,Não,Ativo,Não,,3,"2,57",10,Acidente,0,18,33,"3,5",68,17,Não,2
555,Antonella da Cruz,Feminino,39,Casado,Médio,Recife,PE,Nordeste,CD Recife,Operações,Supervisor,Larissa Vasconcelos,2024-08-20,"1,9",10227,CLT,Presencial,Não,Ativo,Não,,3,"4,46",0,,52,-20,12,"2,7",71,4,Não,24
556,Srta. Liz Costela,Masculino,29,Solteiro,Técnico,Brasília,DF,Centro-Oeste,CD Brasília,Operações,Auxiliar Operacional,Sophia Correia,2025-11-09,"0,6",1946,CLT,Presencial,Não,Ativo,Não,,2,"1,73",15,Acidente,8,40,45,"2,5",82,12,Não,15
557,Sra. Laís Ramos,Masculino,33,Casado,Técnico,Curitiba,PR,Sul,CD Curitiba,Comercial,Assistente,Isaque Monteiro,2024-05-03,"2,2",3703,CLT,Presencial,Não,Inativo,Sim,Pedido de Demissão,4,"4,69",0,,49,34,50,"2,9",75,22,Não,4
558,Brenda da Costa,Masculino,44,Solteiro,Superior,Salvador,BA,Nordeste,CD Salvador,Centro de Distribuição,Conferente,Ana Sophia Moura,2023-06-29,3,2804,CLT,Híbrido,Não,Ativo,Não,,5,"0,67",5,Acidente,21,37,12,"3,8",60,8,Não,9
559,Luiz Miguel Dias,Feminino,34,Casado,Técnico,Guarulhos,SP,Sudeste,CD Guarulhos,Centro de Distribuição,Conferente,Mathias Nunes,2017-11-17,"8,6",3103,CLT,Presencial,Não,Ativo,Não,,1,"2,48",0,,25,30,45,"2,9",58,24,Não,28
560,Maria Clara Nogueira,Feminino,25,Casado,Pós,Salvador,BA,Nordeste,CD Salvador,Operações,Conferente,Emanuella Teixeira,2022-05-30,"4,1",2638,CLT,Remoto,Não,Ativo,Não,,1,"5,35",5,INSS,60,31,38,"3,4",89,11,Não,0
561,Ana Sophia Almeida,Masculino,49,Solteiro,Técnico,Goiânia,GO,Centro-Oeste,CD Goiânia,Operações,Conferente,Ana Lívia Albuquerque,2019-09-07,"6,8",2342,CLT,Presencial,Não,Ativo,Não,,1,"2,4",0,,48,-15,39,"3,8",86,34,Não,16
562,Henrique Aparecida,Masculino,27,Solteiro,Pós,Recife,PE,Nordeste,CD Recife,Centro de Distribuição,Conferente,Miguel Montenegro,2026-02-17,"0,4",3015,CLT,Presencial,Não,Ativo,Não,,3,"1,02",0,,31,-16,17,"3,1",77,21,Não,9
563,Theodoro Vargas,Masculino,33,Casado,Superior,Salvador,BA,Nordeste,CD Salvador,Comercial,Analista,Mariana Sampaio,2016-05-05,"10,2",6289,CLT,Presencial,Não,Ativo,Não,,3,"2,84",0,,36,35,48,"3,2",71,33,Não,6
564,Antonella Porto,Masculino,33,Casado,Pós,São Paulo,SP,Sudeste,CD São Paulo,Operações,Auxiliar Operacional,Zoe Pimenta,2016-01-24,"10,4",2442,CLT,Presencial,Não,Inativo,Sim,Pedido de Demissão,1,"1,13",0,,4,9,20,"3,7",77,40,Não,19
565,João Lucas Barros,Feminino,35,Solteiro,Pós,São Paulo,SP,Sudeste,CD São Paulo,Last Mile,Coordenador,Bruno Moraes,2020-10-01,"5,8",14545,CLT,Presencial,Não,Ativo,Não,,3,"4,31",5,Acidente,59,-15,11,"2,8",82,23,Não,23
566,Eduardo Nascimento,Masculino,46,Casado,Fundamental,São Paulo,SP,Sudeste,CD São Paulo,Operações,Auxiliar Operacional,Dr. Benício das Neves,2017-06-23,9,1947,CLT,Presencial,Não,Ativo,Não,,2,"3,65",2,Licença Médica,35,30,51,"3,3",53,4,Não,18
567,Sra. Isabella Araújo,Masculino,47,Solteiro,Pós,Curitiba,PR,Sul,CD Curitiba,Tecnologia,Analista,Caio Lopes,2021-08-21,"4,9",6656,Temporário,Presencial,Não,Ativo,Não,,3,"2,28",0,,18,-10,33,"3,6",79,23,Não,6
568,Rafael Pimenta,Feminino,40,Casado,Pós,Guarulhos,SP,Sudeste,CD Guarulhos,Operações,Auxiliar Operacional,Ana Laura das Neves,2022-10-14,"3,7",2108,CLT,Presencial,Não,Ativo,Não,,1,"3,14",0,,35,35,59,"3,6",68,19,Não,1
569,Emanuella Campos,Masculino,40,Viúvo,Pós,Salvador,BA,Nordeste,CD Salvador,RH,Analista,Davi Miguel Sampaio,2020-07-01,6,5646,Aprendiz,Presencial,Não,Ativo,Não,,1,"4,35",0,,60,-2,16,"3,8",79,35,Não,11
570,Enrico Monteiro,Masculino,29,Casado,Superior,Salvador,BA,Nordeste,CD Salvador,Centro de Distribuição,Auxiliar Operacional,Dr. Enzo Freitas,2020-09-18,"5,8",2130,CLT,Presencial,Não,Ativo,Não,,2,"2,8",2,Licença Médica,60,14,35,"2,3",73,4,Não,1
571,João Felipe Siqueira,Feminino,24,Viúvo,Superior,Salvador,BA,Nordeste,CD Salvador,RH,Gerente,Arthur Farias,2018-03-12,"8,3",17956,CLT,Presencial,Não,Ativo,Não,,1,"4,97",0,,33,38,48,"3,4",92,10,Não,13
572,Júlia Moura,Masculino,32,Casado,Fundamental,Guarulhos,SP,Sudeste,CD Guarulhos,RH,Gerente,João Silva,2021-11-02,"4,7",17349,CLT,Presencial,Não,Ativo,Não,,3,"4,79",10,Acidente,54,15,30,"3,2",74,39,Não,30
573,Ana Vitória Monteiro,Masculino,43,Casado,Médio,Goiânia,GO,Centro-Oeste,CD Goiânia,Financeiro,Assistente,Sophia Fonseca,2019-03-02,"7,3",3938,CLT,Remoto,Não,Ativo,Não,,3,"3,23",0,,53,-2,43,"2,9",79,37,Não,28
574,Theo Nunes,Masculino,38,Casado,Técnico,Campinas,SP,Sudeste,CD Campinas,Centro de Distribuição,Auxiliar Operacional,Léo Castro,2018-08-20,"7,9",2483,CLT,Presencial,Não,Ativo,Não,,0,"3,74",0,,27,6,28,"3,4",64,25,Não,20
575,Cauã Oliveira,Feminino,24,Casado,Médio,Goiânia,GO,Centro-Oeste,CD Goiânia,Operações,Auxiliar Operacional,Bruna da Conceição,2018-09-14,"7,8",2346,CLT,Presencial,Sim,Ativo,Não,,3,"2,41",10,Acidente,31,35,60,"3,6",83,2,Não,5
576,Dra. Agatha Aparecida,Masculino,43,Viúvo,Técnico,São Paulo,SP,Sudeste,CD São Paulo,Transporte,Analista,Joaquim Aparecida,2024-05-05,"2,2",4520,CLT,Presencial,Não,Ativo,Não,,3,"4,71",2,Acidente,50,33,18,"3,2",87,21,Não,0
577,Maria Clara Gomes,Feminino,31,Casado,Médio,Salvador,BA,Nordeste,CD Salvador,Centro de Distribuição,Auxiliar Operacional,Felipe Andrade,2017-12-23,"8,5",2304,CLT,Presencial,Não,Ativo,Não,,3,"3,02",0,,7,3,59,"2,3",70,17,Não,12
578,Mariah Câmara,Feminino,33,Casado,Pós,Brasília,DF,Centro-Oeste,CD Brasília,Last Mile,Supervisor,Sr. Oliver Silveira,2022-12-14,"3,5",8989,CLT,Presencial,Não,Ativo,Não,,0,"1,88",0,,56,32,43,"3,1",87,37,Não,24
579,Dr. Breno Oliveira,Feminino,43,Solteiro,Médio,Guarulhos,SP,Sudeste,CD Guarulhos,Operações,Conferente,Sr. Theodoro Rocha,2017-06-07,"9,1",2438,CLT,Presencial,Não,Ativo,Não,,2,"4,33",0,,34,1,37,"2,7",85,37,Não,27
580,Felipe Câmara,Masculino,19,Casado,Superior,Curitiba,PR,Sul,CD Curitiba,Financeiro,Analista,Ana Clara Guerra,2017-08-07,"8,9",6454,CLT,Presencial,Não,Ativo,Não,,2,"2,76",0,,14,-7,16,"3,2",74,9,Não,14
581,Ravi Lucca da Paz,Feminino,27,Divorciado,Pós,Salvador,BA,Nordeste,CD Salvador,Centro de Distribuição,Conferente,Luan Borges,2019-01-09,"7,5",2640,CLT,Presencial,Não,Ativo,Não,,1,"4,08",0,,58,3,20,"2,9",76,23,Não,2
582,Mirella Albuquerque,Masculino,42,Casado,Técnico,Guarulhos,SP,Sudeste,CD Guarulhos,Centro de Distribuição,Supervisor,Sr. João Vitor Nunes,2021-11-22,"4,6",8593,CLT,Presencial,Não,Ativo,Não,,0,"2,74",5,Acidente,18,-14,15,"3,8",89,3,Não,0
583,Joaquim Martins,Feminino,36,Solteiro,Superior,Goiânia,GO,Centro-Oeste,CD Goiânia,Operações,Auxiliar Operacional,Dr. Gael Henrique Siqueira,2016-12-18,"9,5",2064,CLT,Presencial,Não,Ativo,Não,,3,"4,46",5,INSS,51,13,52,"3,6",99,6,Não,16
584,Isabelly Cassiano,Masculino,31,Solteiro,Técnico,Salvador,BA,Nordeste,CD Salvador,Centro de Distribuição,Auxiliar Operacional,Nicolas Alves,2016-06-14,"10,1",2562,CLT,Presencial,Não,Ativo,Não,,0,"0,82",5,INSS,53,-7,28,"2,5",70,33,Não,5
585,Vitor Hugo Ferreira,Masculino,28,Casado,Fundamental,Recife,PE,Nordeste,CD Recife,Tecnologia,Analista Sênior,Alexia Farias,2019-02-15,"7,4",7684,CLT,Presencial,Não,Ativo,Não,,2,"0,45",5,Acidente,4,6,47,"3,4",97,39,Não,12
586,Marcos Vinicius Sousa,Feminino,40,Solteiro,Superior,Curitiba,PR,Sul,CD Curitiba,Centro de Distribuição,Supervisor,Sra. Bella Costela,2018-09-03,"7,8",7305,CLT,Presencial,Não,Ativo,Não,,1,"4,57",15,Licença Médica,60,24,40,"1,4",76,2,Não,27
587,Isabela Leão,Feminino,33,Solteiro,Pós,Campinas,SP,Sudeste,CD Campinas,Atendimento,Analista,Ana Liz Casa Grande,2020-09-10,"5,8",4658,CLT,Presencial,Não,Ativo,Não,,3,"4,83",0,,60,10,47,"2,7",61,14,Não,6
588,Sra. Ayla Aparecida,Masculino,48,Solteiro,Médio,São Paulo,SP,Sudeste,CD São Paulo,Last Mile,Coordenador,Vicente Jesus,2025-10-14,"0,7",13078,CLT,Presencial,Não,Ativo,Não,,1,"2,91",0,,17,23,52,"3,3",76,30,Não,20
589,Sra. Natália Souza,Feminino,33,Solteiro,Superior,Goiânia,GO,Centro-Oeste,CD Goiânia,Last Mile,Motorista,Calebe Montenegro,2024-07-02,2,4141,CLT,Presencial,Não,Ativo,Não,,2,"3,65",15,Licença Médica,49,29,59,2,71,0,Não,27
590,Matteo Barbosa,Feminino,18,Casado,Fundamental,Recife,PE,Nordeste,CD Recife,Transporte,Analista,Ana Liz Lopes,2021-01-02,"5,5",5744,CLT,Presencial,Não,Ativo,Não,,3,"4,21",10,Licença Médica,14,-1,56,"4,5",74,26,Não,19
591,Caroline da Costa,Masculino,26,Casado,Fundamental,Salvador,BA,Nordeste,CD Salvador,RH,Assistente,José Pedro Dias,2025-12-26,"0,5",3925,CLT,Presencial,Não,Ativo,Não,,2,"1,33",10,Acidente,54,-8,45,"3,3",63,5,Não,5
592,Lunna Dias,Masculino,30,Solteiro,Médio,Campinas,SP,Sudeste,CD Campinas,Operações,Auxiliar Operacional,Júlia da Conceição,2016-05-14,"10,1",2505,CLT,Híbrido,Não,Ativo,Não,,1,"3,26",10,Licença Médica,25,8,23,"2,9",81,27,Não,20
593,Guilherme Carvalho,Feminino,41,Solteiro,Médio,Salvador,BA,Nordeste,CD Salvador,Jurídico,Gerente,Bianca Cassiano,2025-12-27,"0,5",21770,CLT,Presencial,Não,Ativo,Não,,0,"1,7",10,Acidente,20,31,10,"3,7",71,33,Não,18
594,Enzo Machado,Masculino,27,Casado,Médio,Guarulhos,SP,Sudeste,CD Guarulhos,Last Mile,Motorista,Luara Jesus,2025-07-19,1,4059,Temporário,Presencial,Não,Inativo,Sim,Desligamento sem Justa Causa,3,"2,09",10,Acidente,8,-11,27,"3,7",83,38,Não,13
595,Vitor Gabriel Fogaça,Masculino,25,Solteiro,Fundamental,Salvador,BA,Nordeste,CD Salvador,Last Mile,Coordenador,Rael das Neves,2023-02-16,"3,4",13402,CLT,Presencial,Não,Ativo,Não,,5,"1,91",0,,17,-20,24,3,52,24,Não,17
596,Julia Campos,Masculino,29,Casado,Médio,Recife,PE,Nordeste,CD Recife,Operações,Conferente,Emanuel Rodrigues,2018-11-15,"7,6",3003,CLT,Híbrido,Não,Ativo,Não,,1,"3,36",15,Acidente,60,10,37,"3,1",84,7,Não,28
597,Asafe Cunha,Feminino,43,Divorciado,Médio,São Paulo,SP,Sudeste,CD São Paulo,Operações,Auxiliar Operacional,Sr. Caleb Silva,2018-05-05,"8,2",2046,CLT,Presencial,Não,Ativo,Não,,2,"4,65",0,,57,39,15,"3,1",80,22,Não,27
598,Luiz Henrique Gonçalves,Feminino,40,Casado,Técnico,Campinas,SP,Sudeste,CD Campinas,Operações,Auxiliar Operacional,Ana Julia Rocha,2024-03-22,"2,3",2346,CLT,Presencial,Não,Ativo,Não,,0,"2,59",0,,34,-7,38,2,66,2,Não,13
599,José Pedro Cavalcanti,Feminino,40,Casado,Médio,Recife,PE,Nordeste,CD Recife,Centro de Distribuição,Conferente,Nathan Machado,2024-12-16,"1,5",2507,CLT,Presencial,Não,Ativo,Não,,1,"3,12",15,Acidente,13,5,17,"3,4",78,29,Não,1
600,Isadora Brito,Feminino,31,Casado,Pós,São Paulo,SP,Sudeste,CD São Paulo,Centro de Distribuição,Supervisor,Bella Vieira,2020-11-16,"5,6",9530,CLT,Presencial,Não,Ativo,Não,,1,"1,17",10,INSS,3,21,15,"3,3",62,5,Não,19
601,Davi Albuquerque,Feminino,47,Casado,Superior,Brasília,DF,Centro-Oeste,CD Brasília,Last Mile,Motorista,Henry Cardoso,2023-07-06,3,3308,CLT,Presencial,Não,Ativo,Não,,2,"2,19",5,Acidente,39,23,23,"3,2",99,37,Não,29
602,Murilo Freitas,Feminino,31,Solteiro,Técnico,Brasília,DF,Centro-Oeste,CD Brasília,Operações,Auxiliar Operacional,Antonella Pacheco,2024-10-30,"1,7",1964,CLT,Remoto,Não,Ativo,Não,,1,"4,9",0,,44,34,58,"3,1",87,37,Não,30
603,Joana Barbosa,Masculino,31,Divorciado,Fundamental,Goiânia,GO,Centro-Oeste,CD Goiânia,Financeiro,Analista,Benício Costa,2023-12-28,"2,5",4661,CLT,Presencial,Não,Ativo,Não,,2,"3,87",5,INSS,18,-11,19,"3,6",69,9,Não,8
604,Melina Cardoso,Feminino,39,Solteiro,Médio,São Paulo,SP,Sudeste,CD São Paulo,Centro de Distribuição,Supervisor,Lucas Campos,2017-08-02,"8,9",10415,CLT,Presencial,Não,Ativo,Não,,2,"3,13",10,Licença Médica,55,25,26,"3,2",66,1,Não,7
605,Ravi Aragão,Masculino,34,Solteiro,Médio,Salvador,BA,Nordeste,CD Salvador,Transporte,Supervisor,Pedro Silveira,2023-05-08,"3,2",10011,CLT,Híbrido,Sim,Ativo,Não,,3,"3,13",15,Acidente,47,3,41,"2,7",69,8,Não,14
606,Sara Alves,Masculino,36,Solteiro,Técnico,Campinas,SP,Sudeste,CD Campinas,Centro de Distribuição,Conferente,Mariane Cavalcanti,2020-01-22,"6,4",2213,CLT,Presencial,Não,Ativo,Não,,5,"1,04",10,Acidente,9,20,17,"3,6",67,15,Não,9
607,Sr. Francisco da Mota,Feminino,31,Solteiro,Superior,São Paulo,SP,Sudeste,CD São Paulo,Operações,Auxiliar Operacional,Pietro Cassiano,2019-08-28,"6,8",2112,CLT,Presencial,Não,Ativo,Não,,0,"4,73",10,INSS,37,-19,18,"3,3",74,17,Não,15
608,Joaquim Ramos,Masculino,25,Divorciado,Médio,São Paulo,SP,Sudeste,CD São Paulo,Last Mile,Supervisor,Theo Jesus,2018-08-28,"7,8",8222,CLT,Presencial,Não,Ativo,Não,,5,"2,55",10,Acidente,24,-12,47,"3,7",60,39,Não,8
609,Pietra Araújo,Feminino,32,Casado,Técnico,Guarulhos,SP,Sudeste,CD Guarulhos,RH,Gerente,João Lucas Gomes,2019-10-15,"6,7",20742,CLT,Presencial,Não,Ativo,Não,,2,"-0,08",2,INSS,2,5,46,"3,8",80,27,Não,17
610,Otto Costa,Feminino,31,Casado,Médio,Brasília,DF,Centro-Oeste,CD Brasília,Transporte,Motorista,Valentina da Cruz,2025-06-01,"1,1",4021,CLT,Presencial,Não,Ativo,Não,,1,"4,43",0,,37,17,53,"4,6",81,16,Não,26
611,Ísis Vieira,Feminino,36,Casado,Fundamental,Brasília,DF,Centro-Oeste,CD Brasília,Comercial,Gerente,Mateus Viana,2022-10-09,"3,7",19953,CLT,Presencial,Não,Ativo,Não,,3,"4,38",15,INSS,26,-4,48,"3,8",59,37,Não,11
612,Sra. Pietra Nogueira,Masculino,38,Divorciado,Médio,Guarulhos,SP,Sudeste,CD Guarulhos,Transporte,Motorista,Manuella Nunes,2023-08-29,"2,8",3889,CLT,Presencial,Não,Ativo,Não,,1,"3,07",0,,35,5,24,"3,7",81,9,Não,21
613,Luna Gomes,Feminino,33,Solteiro,Superior,Recife,PE,Nordeste,CD Recife,Operações,Supervisor,Fernando Alves,2020-07-29,"5,9",10354,CLT,Presencial,Não,Ativo,Não,,4,"1,05",0,,20,18,37,"3,1",88,38,Não,10
614,Sr. Arthur Vasconcelos,Feminino,45,Solteiro,Médio,Guarulhos,SP,Sudeste,CD Guarulhos,Operações,Supervisor,Benjamin Melo,2019-01-31,"7,4",9221,CLT,Remoto,Não,Ativo,Não,,2,"3,73",0,,5,7,45,3,76,17,Não,5
615,Maria Alice Vargas,Masculino,31,Casado,Médio,Brasília,DF,Centro-Oeste,CD Brasília,Operações,Conferente,Isabel Castro,2026-01-26,"0,4",2262,CLT,Presencial,Sim,Ativo,Não,,5,"2,44",15,INSS,47,20,49,"3,2",56,3,Não,1
616,Josué Ribeiro,Masculino,42,Solteiro,Técnico,Guarulhos,SP,Sudeste,CD Guarulhos,Centro de Distribuição,Conferente,João Felipe Nascimento,2016-09-10,"9,8",2297,Temporário,Híbrido,Não,Ativo,Não,,0,"1,52",2,Acidente,26,-5,60,4,85,9,Não,5
617,Srta. Hellena Oliveira,Feminino,32,Solteiro,Médio,São Paulo,SP,Sudeste,CD São Paulo,Atendimento,Assistente,Maria Cavalcanti,2017-02-26,"9,3",3305,CLT,Presencial,Não,Ativo,Não,,2,"2,97",0,,35,16,57,3,86,22,Não,0
618,Isaac Pastor,Masculino,23,Casado,Fundamental,Guarulhos,SP,Sudeste,CD Guarulhos,Comercial,Supervisor,Dr. Arthur Santos,2018-12-15,"7,5",9935,CLT,Presencial,Não,Ativo,Não,,2,"4,83",0,,36,-4,27,"3,3",70,6,Não,23
619,Sra. Cecília Nunes,Feminino,35,Solteiro,Médio,Campinas,SP,Sudeste,CD Campinas,Operações,Conferente,Thales Nogueira,2023-11-13,"2,6",2681,CLT,Híbrido,Não,Ativo,Não,,2,"5,52",0,,15,6,32,"4,4",75,37,Não,11
620,Erick Mendonça,Masculino,36,Casado,Médio,Goiânia,GO,Centro-Oeste,CD Goiânia,Financeiro,Analista,Caleb Araújo,2018-05-04,"8,2",5760,CLT,Presencial,Não,Ativo,Não,,3,"-0,75",2,Licença Médica,0,0,21,"2,8",68,27,Não,28
621,Henry Almeida,Feminino,18,Casado,Fundamental,Recife,PE,Nordeste,CD Recife,Last Mile,Motorista,Pietra Abreu,2016-11-11,"9,6",3551,CLT,Presencial,Não,Ativo,Não,,0,"3,68",2,INSS,51,10,57,"2,8",61,23,Não,3
622,Sr. Davi Lucca Fernandes,Feminino,18,Solteiro,Médio,Brasília,DF,Centro-Oeste,CD Brasília,Financeiro,Coordenador,Srta. Luna Araújo,2024-12-17,"1,5",12771,CLT,Presencial,Não,Ativo,Não,,1,"5,27",15,INSS,42,-11,58,"3,7",73,8,Não,23
623,Diogo Pastor,Feminino,60,Solteiro,Fundamental,Curitiba,PR,Sul,CD Curitiba,Tecnologia,Analista,Srta. Brenda Moura,2023-06-09,"3,1",6392,CLT,Presencial,Sim,Ativo,Não,,0,"3,01",10,INSS,57,-4,59,"3,5",91,21,Não,13
624,Sr. Marcelo Santos,Masculino,48,Solteiro,Técnico,Salvador,BA,Nordeste,CD Salvador,Operações,Auxiliar Operacional,Maria Laura Pastor,2025-11-01,"0,7",2523,CLT,Presencial,Não,Ativo,Não,,0,"4,13",0,,50,26,55,3,75,13,Não,9
625,Lucca da Rosa,Masculino,33,Casado,Superior,Salvador,BA,Nordeste,CD Salvador,Centro de Distribuição,Supervisor,Sr. Emanuel Siqueira,2017-01-16,"9,5",9689,CLT,Presencial,Não,Ativo,Não,,2,"2,27",0,,48,31,39,"2,1",87,8,Não,0
626,Raquel Rezende,Feminino,42,Solteiro,Pós,Campinas,SP,Sudeste,CD Campinas,Operações,Supervisor,Sr. Luiz Henrique Câmara,2022-10-19,"3,7",7813,Temporário,Presencial,Não,Ativo,Não,,3,"1,17",15,Licença Médica,17,-19,52,"3,1",91,33,Não,22
627,Emanuella Garcia,Feminino,51,Casado,Médio,Recife,PE,Nordeste,CD Recife,Operações,Auxiliar Operacional,Juan Cardoso,2025-09-22,"0,8",2453,CLT,Presencial,Não,Ativo,Não,,1,"1,86",5,Acidente,6,40,42,"3,1",84,22,Não,20
628,Alexandre Sampaio,Masculino,40,Casado,Superior,São Paulo,SP,Sudeste,CD São Paulo,Operações,Auxiliar Operacional,Maria Júlia Vargas,2021-03-12,"5,3",1916,CLT,Presencial,Não,Inativo,Sim,Fim de Contrato,2,"2,12",5,Licença Médica,5,-3,59,"4,1",82,38,Não,0
629,Ana Beatriz Cirino,Feminino,47,Solteiro,Médio,Recife,PE,Nordeste,CD Recife,Financeiro,Assistente,Luiza Pimenta,2019-12-05,"6,6",3364,CLT,Presencial,Não,Ativo,Não,,4,"0,51",10,INSS,0,37,37,"3,8",73,3,Não,9
630,Cauã Monteiro,Feminino,24,Solteiro,Superior,Goiânia,GO,Centro-Oeste,CD Goiânia,Operações,Conferente,Lucas Souza,2018-07-16,8,2555,CLT,Presencial,Não,Ativo,Não,,5,"4,86",5,Acidente,29,36,12,"2,5",76,11,Não,2
631,Isaac Ferreira,Masculino,31,Casado,Médio,Brasília,DF,Centro-Oeste,CD Brasília,Jurídico,Gerente,Sr. Caio Santos,2023-09-23,"2,8",19963,CLT,Presencial,Não,Ativo,Não,,1,"3,53",0,,18,8,19,"3,7",59,39,Não,12
632,Lívia Machado,Masculino,28,Casado,Médio,Guarulhos,SP,Sudeste,CD Guarulhos,Centro de Distribuição,Conferente,João Costela,2025-09-01,"0,8",2839,CLT,Presencial,Não,Ativo,Não,,4,"4,79",10,INSS,58,-4,47,"1,9",73,8,Não,9
633,Bernardo Ferreira,Masculino,26,Divorciado,Médio,Guarulhos,SP,Sudeste,CD Guarulhos,Operações,Conferente,Cauê Silveira,2019-05-29,"7,1",2627,CLT,Presencial,Não,Ativo,Não,,3,"4,97",0,,48,-2,49,"3,7",77,1,Não,18
634,Benicio Gomes,Masculino,23,Solteiro,Médio,Salvador,BA,Nordeste,CD Salvador,Last Mile,Coordenador,Mariah Cavalcante,2016-06-21,10,15581,CLT,Presencial,Sim,Ativo,Não,,4,"5,73",5,Licença Médica,54,17,50,"3,1",72,38,Não,1
635,Sabrina Garcia,Feminino,34,Solteiro,Pós,Brasília,DF,Centro-Oeste,CD Brasília,Operações,Supervisor,Dr. Carlos Eduardo Mendes,2019-01-17,"7,5",10871,Temporário,Presencial,Não,Ativo,Não,,2,"4,47",0,,35,12,38,"3,1",74,7,Não,0
636,Heloisa Castro,Feminino,22,Casado,Superior,Recife,PE,Nordeste,CD Recife,Atendimento,Supervisor,Ana Sophia Andrade,2016-10-23,"9,7",7963,CLT,Presencial,Não,Ativo,Não,,1,"2,8",2,Licença Médica,20,-7,40,2,76,9,Não,18
637,Antônio Dias,Masculino,33,Casado,Médio,Guarulhos,SP,Sudeste,CD Guarulhos,Financeiro,Coordenador,Cauã Barbosa,2018-09-11,"7,8",13311,CLT,Presencial,Não,Ativo,Não,,4,"2,4",2,Licença Médica,6,10,22,3,74,11,Não,2
638,Sr. Marcos Vinicius Castro,Masculino,34,Casado,Técnico,Goiânia,GO,Centro-Oeste,CD Goiânia,Jurídico,Analista,Srta. Ayla Fernandes,2021-07-18,5,6680,CLT,Presencial,Não,Ativo,Não,,2,"0,73",0,,0,-18,37,"4,3",82,32,Sim,9
639,Rafaela Santos,Feminino,24,Solteiro,Médio,Campinas,SP,Sudeste,CD Campinas,Centro de Distribuição,Auxiliar Operacional,Pedro Rezende,2016-06-18,10,2564,CLT,Presencial,Não,Ativo,Não,,1,"2,95",5,Acidente,57,28,32,2,75,36,Não,29
640,Pedro Henrique Castro,Feminino,26,Casado,Médio,Recife,PE,Nordeste,CD Recife,Last Mile,Motorista,Carlos Eduardo Farias,2019-08-17,"6,9",2859,CLT,Presencial,Não,Ativo,Não,,4,"1,38",15,Licença Médica,32,19,53,"3,5",79,1,Não,14
641,Gabriel Jesus,Feminino,25,Viúvo,Superior,São Paulo,SP,Sudeste,CD São Paulo,Atendimento,Analista,Dra. Ágatha da Luz,2020-07-04,6,5183,CLT,Presencial,Não,Ativo,Não,,0,"2,54",2,INSS,51,12,14,"3,2",79,27,Não,23
642,Larissa da Rosa,Masculino,37,Casado,Médio,Brasília,DF,Centro-Oeste,CD Brasília,Centro de Distribuição,Supervisor,Calebe Aragão,2018-07-24,"7,9",8967,CLT,Presencial,Sim,Ativo,Não,,2,"6,84",0,,43,0,52,"2,1",82,27,Não,20
643,Rebeca Cassiano,Masculino,24,Casado,Médio,Salvador,BA,Nordeste,CD Salvador,Operações,Conferente,Luiz Miguel Abreu,2021-08-26,"4,8",2222,Temporário,Presencial,Não,Inativo,Sim,Pedido de Demissão,1,"1,34",10,INSS,21,1,26,"2,5",92,21,Não,16
644,Aurora da Rocha,Feminino,18,Casado,Técnico,Brasília,DF,Centro-Oeste,CD Brasília,Operações,Auxiliar Operacional,Pietra Costa,2020-06-21,6,2324,CLT,Presencial,Não,Ativo,Não,,1,"2,47",10,INSS,25,20,40,"2,8",85,18,Não,24
645,Apollo Costela,Feminino,46,Casado,Médio,São Paulo,SP,Sudeste,CD São Paulo,Operações,Conferente,João Vitor Barros,2016-08-02,"9,9",2954,CLT,Presencial,Não,Ativo,Não,,2,"3,18",0,,3,-16,21,"3,2",87,35,Não,30
646,Bruna das Neves,Masculino,32,Divorciado,Médio,São Paulo,SP,Sudeste,CD São Paulo,Last Mile,Coordenador,Olivia Mendonça,2023-08-27,"2,8",14549,CLT,Presencial,Não,Ativo,Não,,2,"2,39",15,Licença Médica,25,18,58,"3,8",67,25,Não,25
647,Julia Borges,Feminino,43,Casado,Superior,Campinas,SP,Sudeste,CD Campinas,Centro de Distribuição,Conferente,Ísis Gomes,2018-03-21,"8,3",2545,CLT,Presencial,Não,Ativo,Não,,2,"4,63",5,Licença Médica,34,-3,52,"4,1",74,27,Não,5
648,Léo Garcia,Masculino,18,Casado,MBA,Salvador,BA,Nordeste,CD Salvador,Comercial,Supervisor,Sr. Pietro Aparecida,2024-09-17,"1,8",10021,CLT,Presencial,Não,Ativo,Não,,0,"3,63",0,,42,20,31,"2,5",89,37,Não,23
649,Pedro Lucas Martins,Feminino,33,Casado,Fundamental,Goiânia,GO,Centro-Oeste,CD Goiânia,Operações,Auxiliar Operacional,Henry Gabriel da Mata,2016-06-03,"10,1",2488,CLT,Presencial,Não,Ativo,Não,,0,"3,29",15,Acidente,36,37,34,"2,1",88,28,Não,23
650,Ana Liz Cassiano,Feminino,39,Solteiro,Pós,Brasília,DF,Centro-Oeste,CD Brasília,Atendimento,Supervisor,Dra. Aylla Barros,2020-03-03,"6,3",9778,CLT,Presencial,Sim,Ativo,Não,,4,"2,01",0,,5,-7,56,3,84,40,Não,16
651,Manuella Nogueira,Masculino,42,Solteiro,Médio,Goiânia,GO,Centro-Oeste,CD Goiânia,Atendimento,Supervisor,Heloísa Novaes,2021-08-10,"4,9",8433,CLT,Presencial,Não,Inativo,Sim,Pedido de Demissão,3,"2,62",5,Acidente,40,30,31,"4,3",65,17,Não,15
652,Mathias Moreira,Masculino,44,Casado,Fundamental,Recife,PE,Nordeste,CD Recife,Centro de Distribuição,Auxiliar Operacional,Zoe Rodrigues,2024-08-17,"1,9",2345,CLT,Presencial,Não,Ativo,Não,,0,"2,86",15,Licença Médica,7,40,55,"4,1",100,33,Não,28
653,Isabela Melo,Masculino,45,Casado,Superior,Salvador,BA,Nordeste,CD Salvador,Centro de Distribuição,Supervisor,Bruno Gonçalves,2016-05-05,"10,2",9498,Temporário,Presencial,Não,Ativo,Não,,2,"0,41",15,INSS,16,-1,57,"2,6",84,18,Não,23
654,Srta. Sarah Oliveira,Masculino,39,Casado,Fundamental,Guarulhos,SP,Sudeste,CD Guarulhos,Jurídico,Gerente,Clara Campos,2016-11-03,"9,7",23590,CLT,Presencial,Não,Ativo,Não,,2,"2,09",15,INSS,49,14,40,"2,9",56,31,Não,29
655,Emanuella Cavalcante,Masculino,30,Solteiro,Superior,Brasília,DF,Centro-Oeste,CD Brasília,Atendimento,Supervisor,Gael Cardoso,2026-02-01,"0,4",8703,CLT,Presencial,Não,Ativo,Não,,4,"2,64",0,,38,30,29,"3,8",38,31,Não,15
656,Otávio Barros,Feminino,40,Casado,Médio,Curitiba,PR,Sul,CD Curitiba,Operações,Supervisor,Maya Costa,2026-01-20,"0,4",8354,CLT,Presencial,Não,Inativo,Sim,Fim de Contrato,4,"4,41",2,Licença Médica,44,2,30,"3,2",71,15,Não,20
657,Clara Peixoto,Masculino,32,Solteiro,Técnico,Recife,PE,Nordeste,CD Recife,Last Mile,Motorista,Liam Siqueira,2024-08-27,"1,8",3377,CLT,Presencial,Não,Ativo,Não,,3,"3,26",10,INSS,36,29,52,"3,6",49,24,Não,3
658,Caio Gomes,Feminino,35,Casado,Médio,Curitiba,PR,Sul,CD Curitiba,Transporte,Motorista,Maria Laura Novaes,2025-08-19,"0,9",4302,CLT,Presencial,Não,Ativo,Não,,1,"2,04",15,Acidente,41,1,17,"2,1",61,33,Não,8
659,Dr. Vicente Marques,Masculino,31,Casado,Técnico,Guarulhos,SP,Sudeste,CD Guarulhos,Operações,Auxiliar Operacional,Vicente Viana,2020-10-14,"5,7",2061,CLT,Presencial,Não,Ativo,Não,,3,"2,86",10,INSS,4,26,32,"3,3",76,34,Não,4
660,Brenda Leão,Masculino,21,Casado,Pós,São Paulo,SP,Sudeste,CD São Paulo,Centro de Distribuição,Auxiliar Operacional,Diogo Nunes,2024-09-03,"1,8",2383,CLT,Presencial,Não,Ativo,Não,,1,"2,03",10,INSS,24,-18,40,"2,7",86,24,Não,20
661,Beatriz Caldeira,Feminino,32,Solteiro,Médio,Goiânia,GO,Centro-Oeste,CD Goiânia,Centro de Distribuição,Conferente,Beatriz Viana,2025-10-30,"0,7",2936,CLT,Híbrido,Não,Ativo,Não,,0,"2,45",0,,7,33,46,"3,8",70,10,Não,11
662,Vitor Gabriel Ferreira,Masculino,38,Solteiro,Técnico,Recife,PE,Nordeste,CD Recife,Operações,Auxiliar Operacional,Julia Gomes,2022-08-18,"3,9",1996,CLT,Presencial,Não,Ativo,Não,,3,"1,68",0,,51,-14,23,"2,4",75,5,Não,1
663,Raquel Oliveira,Feminino,40,Solteiro,Médio,Curitiba,PR,Sul,CD Curitiba,Transporte,Motorista,Olívia Andrade,2018-12-05,"7,6",3685,CLT,Presencial,Não,Ativo,Não,,4,"6,23",0,,58,35,43,"3,5",80,17,Não,11
664,João Guilherme Guerra,Masculino,23,Viúvo,Técnico,Brasília,DF,Centro-Oeste,CD Brasília,Last Mile,Motorista,Murilo Andrade,2017-08-23,"8,9",4220,CLT,Presencial,Não,Ativo,Não,,0,"3,8",5,INSS,5,18,59,"3,1",60,21,Não,3
665,Luísa Sales,Masculino,24,Solteiro,Médio,Guarulhos,SP,Sudeste,CD Guarulhos,Transporte,Analista,Benicio Souza,2021-01-22,"5,4",5931,Aprendiz,Presencial,Não,Ativo,Não,,0,"3,76",0,,28,10,26,"3,4",82,30,Não,15
666,Juliana Freitas,Masculino,28,Casado,Técnico,Goiânia,GO,Centro-Oeste,CD Goiânia,Operações,Conferente,Lucca Vieira,2020-03-22,"6,3",3124,CLT,Presencial,Não,Ativo,Não,,2,"3,52",2,Licença Médica,55,20,49,3,58,40,Não,5
667,Leonardo da Mota,Feminino,43,Casado,Superior,Brasília,DF,Centro-Oeste,CD Brasília,RH,Coordenador,Beatriz da Conceição,2023-05-24,"3,1",12714,CLT,Presencial,Não,Ativo,Não,,4,"1,2",0,,20,26,18,"3,6",91,21,Não,22
668,Kaique Souza,Masculino,29,Casado,Médio,Recife,PE,Nordeste,CD Recife,Atendimento,Assistente,Luna da Mata,2016-11-29,"9,6",3728,CLT,Presencial,Não,Ativo,Não,,2,"2,52",2,INSS,15,-20,56,"3,1",88,15,Não,12
669,Sra. Aurora Correia,Feminino,41,Solteiro,Fundamental,Curitiba,PR,Sul,CD Curitiba,Operações,Conferente,Hadassa Jesus,2021-05-09,"5,1",2427,Temporário,Presencial,Não,Inativo,Sim,Pedido de Demissão,2,"2,09",0,,0,26,14,"4,1",76,7,Não,13
670,Sra. Stella Freitas,Masculino,22,Solteiro,Superior,Goiânia,GO,Centro-Oeste,CD Goiânia,Operações,Supervisor,Théo Vieira,2016-11-01,"9,7",7453,CLT,Presencial,Não,Ativo,Não,,2,"3,53",5,Licença Médica,45,27,26,3,67,31,Não,10
671,Benício das Neves,Feminino,40,Divorciado,Pós,Recife,PE,Nordeste,CD Recife,Operações,Supervisor,Dra. Maria Luiza Carvalho,2024-12-06,"1,6",8268,CLT,Híbrido,Não,Ativo,Não,,1,"2,62",5,Licença Médica,28,-16,17,"2,8",100,31,Não,22
672,Ana Cavalcanti,Feminino,20,Casado,Superior,Salvador,BA,Nordeste,CD Salvador,Operações,Conferente,Guilherme Araújo,2023-12-07,"2,6",2642,CLT,Presencial,Não,Ativo,Não,,2,"5,08",2,Acidente,48,26,26,"2,3",95,26,Não,19
673,Arthur Gabriel Marques,Masculino,34,Casado,Superior,Goiânia,GO,Centro-Oeste,CD Goiânia,Transporte,Supervisor,Luiz Miguel Santos,2021-07-11,5,10117,CLT,Presencial,Não,Ativo,Não,,5,"4,52",2,Acidente,12,-19,42,"3,7",88,11,Não,21
674,João Guilherme Freitas,Masculino,21,Viúvo,Médio,Salvador,BA,Nordeste,CD Salvador,Comercial,Assistente,Sofia Gonçalves,2023-07-19,3,3910,CLT,Presencial,Não,Ativo,Não,,2,"1,32",15,INSS,56,12,19,"2,6",77,6,Não,4
675,Camila Rodrigues,Masculino,34,Casado,Superior,Brasília,DF,Centro-Oeste,CD Brasília,Operações,Conferente,Isaque Freitas,2023-08-07,"2,9",3020,CLT,Presencial,Não,Ativo,Não,,4,"4,66",0,,51,-19,16,"2,9",56,35,Não,12
676,Melissa Cavalcanti,Feminino,38,Casado,Superior,Campinas,SP,Sudeste,CD Campinas,Last Mile,Supervisor,Marcela Ferreira,2016-12-16,"9,5",10948,CLT,Presencial,Não,Ativo,Não,,0,"4,43",15,Licença Médica,57,36,60,4,57,20,Não,8
677,José Pedro Souza,Masculino,20,Solteiro,Médio,Salvador,BA,Nordeste,CD Salvador,Atendimento,Supervisor,Srta. Larissa Alves,2023-01-08,"3,5",8762,CLT,Presencial,Não,Ativo,Não,,0,"2,07",0,,16,39,32,"2,5",63,7,Não,16
678,Ana Julia Castro,Feminino,40,Solteiro,Médio,Curitiba,PR,Sul,CD Curitiba,Centro de Distribuição,Auxiliar Operacional,Hadassa Câmara,2024-05-24,"2,1",2415,CLT,Presencial,Não,Inativo,Sim,Fim de Contrato,1,"3,9",0,,38,14,41,4,93,8,Não,13
679,Heloisa Rocha,Feminino,34,Solteiro,Médio,Brasília,DF,Centro-Oeste,CD Brasília,Centro de Distribuição,Auxiliar Operacional,João Felipe Rezende,2019-09-24,"6,8",2067,CLT,Presencial,Não,Ativo,Não,,2,"3,05",5,INSS,29,5,24,"2,8",73,6,Não,6
680,Sophie Almeida,Masculino,42,Casado,Fundamental,Guarulhos,SP,Sudeste,CD Guarulhos,Atendimento,Supervisor,Alexia Melo,2025-09-09,"0,8",8613,CLT,Presencial,Não,Ativo,Não,,1,"3,4",0,,14,-10,31,"2,7",95,28,Não,24
681,Erick Peixoto,Feminino,34,Solteiro,Médio,Guarulhos,SP,Sudeste,CD Guarulhos,Atendimento,Analista,Henry Gabriel da Cunha,2020-09-13,"5,8",4738,CLT,Presencial,Não,Ativo,Não,,2,"3,21",5,Acidente,12,23,45,"3,5",94,29,Não,24
682,Lorena Silva,Feminino,35,Casado,Superior,Goiânia,GO,Centro-Oeste,CD Goiânia,Centro de Distribuição,Auxiliar Operacional,Dra. Kamilly Lima,2020-03-15,"6,3",2323,CLT,Presencial,Não,Ativo,Não,,2,"2,22",10,INSS,20,-20,48,"3,8",45,16,Não,28
683,Marcela Marques,Masculino,50,Casado,Técnico,Guarulhos,SP,Sudeste,CD Guarulhos,Last Mile,Supervisor,Henrique Martins,2019-10-09,"6,7",8902,CLT,Presencial,Não,Ativo,Não,,4,"1,13",15,INSS,25,25,10,"3,4",46,37,Não,20
684,Vicente Pinto,Feminino,28,Casado,Técnico,Guarulhos,SP,Sudeste,CD Guarulhos,Last Mile,Coordenador,Bella Abreu,2022-03-01,"4,3",14012,CLT,Presencial,Não,Ativo,Não,,1,"0,96",5,Licença Médica,9,35,42,"3,9",65,23,Não,26
685,Maria Fernanda Novais,Feminino,35,Solteiro,Médio,Goiânia,GO,Centro-Oeste,CD Goiânia,Financeiro,Assistente,Larissa da Rosa,2017-11-03,"8,7",3599,CLT,Híbrido,Não,Ativo,Não,,4,"2,2",0,,40,28,33,4,63,38,Não,0
686,Bianca Mendes,Masculino,34,Divorciado,Superior,Guarulhos,SP,Sudeste,CD Guarulhos,Comercial,Supervisor,Lucca da Mota,2016-11-06,"9,7",8556,CLT,Presencial,Não,Inativo,Sim,Desligamento sem Justa Causa,0,"3,03",0,,10,-5,12,"2,8",48,6,Não,1
687,Lunna da Mota,Feminino,35,Solteiro,Pós,Salvador,BA,Nordeste,CD Salvador,Centro de Distribuição,Auxiliar Operacional,Kaique Correia,2019-02-12,"7,4",2095,CLT,Presencial,Não,Ativo,Não,,1,"1,97",0,,6,18,45,"3,3",70,33,Não,23
688,Valentim Teixeira,Feminino,25,Casado,Técnico,Recife,PE,Nordeste,CD Recife,Atendimento,Assistente,Benjamin Peixoto,2017-07-06,9,2817,CLT,Presencial,Não,Ativo,Não,,2,"0,03",2,INSS,24,11,21,"2,9",76,4,Não,6
689,Luiza Rodrigues,Masculino,33,Casado,Médio,Goiânia,GO,Centro-Oeste,CD Goiânia,Operações,Supervisor,Apollo Rezende,2019-06-08,"7,1",10493,CLT,Presencial,Não,Ativo,Não,,2,"3,77",0,,44,-16,19,"2,3",66,9,Não,20
690,Laís da Luz,Feminino,30,Casado,Médio,Recife,PE,Nordeste,CD Recife,Transporte,Motorista,Maria Luiza Gomes,2024-06-08,"2,1",3664,Aprendiz,Híbrido,Sim,Ativo,Não,,1,"3,06",15,Licença Médica,37,0,56,"2,6",100,31,Não,10
691,Srta. Esther Fernandes,Masculino,42,Divorciado,Médio,Guarulhos,SP,Sudeste,CD Guarulhos,Operações,Supervisor,Dra. Hellena Rodrigues,2022-12-04,"3,6",10531,CLT,Presencial,Não,Ativo,Não,,3,"6,04",5,INSS,60,9,22,"2,6",80,15,Não,1
692,Olívia Rios,Masculino,34,Casado,Superior,Recife,PE,Nordeste,CD Recife,Operações,Supervisor,Dr. Enzo Gabriel Ribeiro,2022-09-16,"3,8",9681,CLT,Presencial,Não,Ativo,Não,,1,"3,54",0,,12,3,34,"3,2",76,27,Não,18
693,Emilly da Rocha,Masculino,27,Solteiro,Superior,São Paulo,SP,Sudeste,CD São Paulo,Centro de Distribuição,Conferente,Ravy Cardoso,2021-06-23,5,3095,CLT,Presencial,Não,Inativo,Sim,Pedido de Demissão,0,"2,95",10,INSS,1,29,48,"4,1",65,30,Não,28
694,Sra. Emilly Rodrigues,Feminino,41,Solteiro,Superior,São Paulo,SP,Sudeste,CD São Paulo,Centro de Distribuição,Auxiliar Operacional,Sr. Henry Fogaça,2023-03-17,"3,3",1930,CLT,Presencial,Não,Ativo,Não,,3,"3,17",5,Acidente,54,-9,29,"3,3",70,13,Não,21
695,Leandro Leão,Masculino,45,Casado,Fundamental,Goiânia,GO,Centro-Oeste,CD Goiânia,Operações,Supervisor,Dr. José Pedro Pacheco,2016-10-17,"9,7",7684,CLT,Presencial,Não,Ativo,Não,,2,"4,27",2,INSS,42,36,35,"3,3",52,16,Não,10
696,Ravi Campos,Masculino,40,Casado,Médio,Salvador,BA,Nordeste,CD Salvador,Operações,Supervisor,Ana Júlia Porto,2025-04-03,"1,2",9052,CLT,Presencial,Não,Ativo,Não,,2,"3,88",0,,22,1,52,"2,4",72,27,Não,29
697,Ana Sophia Melo,Feminino,31,Solteiro,Médio,Curitiba,PR,Sul,CD Curitiba,Operações,Conferente,Theodoro Campos,2017-04-27,"9,2",2361,CLT,Híbrido,Não,Ativo,Não,,6,"4,27",10,Licença Médica,21,1,13,"2,9",63,0,Não,18
698,Maria Helena Moura,Feminino,21,Solteiro,Técnico,Curitiba,PR,Sul,CD Curitiba,Financeiro,Coordenador,Noah Aragão,2023-10-15,"2,7",13012,CLT,Presencial,Não,Ativo,Não,,2,"4,38",0,,51,22,51,"2,3",73,16,Não,3
699,Davi Miguel Costa,Feminino,32,Casado,Técnico,São Paulo,SP,Sudeste,CD São Paulo,Financeiro,Coordenador,Dr. Raul Casa Grande,2023-06-13,"3,1",14723,Temporário,Presencial,Não,Ativo,Não,,5,"3,03",0,,13,4,33,"4,3",79,28,Não,11
700,Sr. Bruno Mendonça,Masculino,21,Casado,Fundamental,Salvador,BA,Nordeste,CD Salvador,Transporte,Analista,Sr. Levi Porto,2020-08-25,"5,9",5561,CLT,Presencial,Não,Ativo,Não,,2,"2,67",15,Acidente,22,2,19,"3,3",79,14,Não,27
701,André Machado,Feminino,28,Casado,Técnico,Goiânia,GO,Centro-Oeste,CD Goiânia,Centro de Distribuição,Auxiliar Operacional,Gustavo Henrique Teixeira,2019-07-01,7,2380,CLT,Presencial,Não,Inativo,Sim,Pedido de Demissão,2,"1,82",5,Acidente,0,36,25,"4,2",85,8,Não,10
702,Emanuel Mendonça,Feminino,27,Casado,Médio,Campinas,SP,Sudeste,CD Campinas,Atendimento,Assistente,Davi Lucca Pimenta,2022-08-25,"3,9",3722,CLT,Presencial,Não,Ativo,Não,,2,"2,25",0,,11,-10,55,"3,2",69,9,Não,6
703,Mariane Guerra,Feminino,31,Casado,Superior,Guarulhos,SP,Sudeste,CD Guarulhos,Atendimento,Assistente,Pietra Gomes,2016-05-22,"10,1",2854,CLT,Presencial,Não,Ativo,Não,,3,"2,99",15,Licença Médica,25,18,21,"2,5",83,33,Não,26
704,Arthur Miguel Nascimento,Feminino,34,Casado,Técnico,Brasília,DF,Centro-Oeste,CD Brasília,Centro de Distribuição,Conferente,Marcelo Albuquerque,2018-06-28,8,2877,CLT,Presencial,Não,Ativo,Não,,2,"0,6",0,,16,-19,36,"2,6",86,31,Não,23
705,Sr. Antony Rocha,Masculino,39,Solteiro,Superior,Guarulhos,SP,Sudeste,CD Guarulhos,Operações,Auxiliar Operacional,Josué Câmara,2018-06-04,"8,1",2146,CLT,Presencial,Não,Ativo,Não,,5,"2,94",0,,32,37,47,"2,4",98,30,Não,9
706,Sra. Luana Cardoso,Feminino,39,Casado,Superior,Campinas,SP,Sudeste,CD Campinas,Centro de Distribuição,Conferente,Matheus Montenegro,2022-06-13,"4,1",2305,CLT,Presencial,Não,Ativo,Não,,3,"2,89",0,,5,31,53,"3,5",59,7,Não,14
707,Lorena Cavalcante,Masculino,39,Solteiro,Médio,Recife,PE,Nordeste,CD Recife,Centro de Distribuição,Supervisor,Augusto da Rosa,2025-04-03,"1,2",9888,CLT,Presencial,Não,Ativo,Não,,1,"2,24",0,,44,28,47,4,82,27,Não,7
708,Rafael Siqueira,Feminino,30,Solteiro,MBA,Curitiba,PR,Sul,CD Curitiba,Operações,Supervisor,Valentina Fernandes,2018-06-11,"8,1",10653,CLT,Presencial,Não,Ativo,Não,,0,"3,26",0,,49,-19,31,"3,2",58,35,Não,4
709,Catarina Fernandes,Masculino,45,Solteiro,Fundamental,Brasília,DF,Centro-Oeste,CD Brasília,Last Mile,Supervisor,Maria Alice Sá,2025-03-03,"1,3",9279,CLT,Presencial,Não,Inativo,Sim,Fim de Contrato,4,"0,28",0,,9,8,16,3,91,12,Não,4
710,Enzo Guerra,Masculino,32,Divorciado,Médio,Recife,PE,Nordeste,CD Recife,Transporte,Analista,Ian Câmara,2019-07-10,7,4843,CLT,Presencial,Não,Ativo,Não,,4,"3,68",0,,45,4,22,"3,6",76,22,Não,3
711,Srta. Hadassa Siqueira,Masculino,27,Solteiro,Médio,Brasília,DF,Centro-Oeste,CD Brasília,Centro de Distribuição,Conferente,Thiago Cavalcante,2024-09-06,"1,8",2712,CLT,Presencial,Não,Inativo,Sim,Desligamento sem Justa Causa,1,"2,55",0,,16,-5,22,"3,3",78,7,Não,23
712,Luiz Otávio Silva,Masculino,31,Casado,Superior,São Paulo,SP,Sudeste,CD São Paulo,Operações,Auxiliar Operacional,Ana Carolina Garcia,2019-12-17,"6,5",2101,CLT,Presencial,Não,Ativo,Não,,3,"5,93",0,,59,-10,54,"3,3",84,18,Não,27
713,Jade Vargas,Masculino,39,Casado,Médio,Curitiba,PR,Sul,CD Curitiba,Centro de Distribuição,Auxiliar Operacional,Ana Julia Peixoto,2024-03-30,"2,3",2324,CLT,Presencial,Não,Ativo,Não,,3,"3,83",15,INSS,56,4,44,"2,4",83,0,Não,4
714,Cauê Rezende,Masculino,43,Casado,Fundamental,Goiânia,GO,Centro-Oeste,CD Goiânia,Last Mile,Coordenador,Benicio Sales,2025-12-05,"0,6",15617,CLT,Híbrido,Não,Ativo,Não,,3,"2,22",10,INSS,17,18,20,2,81,7,Não,24
715,Oliver Macedo,Feminino,24,Solteiro,Técnico,Recife,PE,Nordeste,CD Recife,Operações,Conferente,Camila Novaes,2024-10-28,"1,7",3133,CLT,Presencial,Não,Ativo,Não,,0,"4,04",10,Acidente,47,-10,57,"2,3",78,26,Não,15
716,Renan Sampaio,Feminino,18,Solteiro,Técnico,Salvador,BA,Nordeste,CD Salvador,Comercial,Supervisor,Gustavo Sales,2024-07-23,"1,9",9938,Temporário,Presencial,Sim,Ativo,Não,,3,"1,54",0,,55,-4,43,3,55,19,Não,15
717,Alexia da Rosa,Masculino,43,Casado,Fundamental,Guarulhos,SP,Sudeste,CD Guarulhos,Atendimento,Supervisor,Beatriz Ribeiro,2024-08-31,"1,8",7931,CLT,Presencial,Não,Ativo,Não,,2,"3,49",0,,29,1,54,"3,1",65,30,Não,1
718,Júlia Pinto,Masculino,32,Solteiro,Fundamental,Salvador,BA,Nordeste,CD Salvador,Centro de Distribuição,Conferente,Cecilia Leão,2021-02-08,"5,4",2855,CLT,Presencial,Não,Ativo,Não,,3,"3,26",5,Acidente,29,30,25,"3,6",89,16,Não,29
719,Thomas Silveira,Feminino,28,Solteiro,Médio,Brasília,DF,Centro-Oeste,CD Brasília,Comercial,Assistente,Bárbara da Paz,2016-12-05,"9,6",3438,CLT,Presencial,Não,Ativo,Não,,1,"2,55",5,Licença Médica,21,-7,57,"3,9",58,28,Não,17
720,Cauê Monteiro,Feminino,23,Divorciado,Técnico,Guarulhos,SP,Sudeste,CD Guarulhos,Operações,Conferente,Guilherme Vasconcelos,2022-11-07,"3,6",2384,CLT,Presencial,Não,Ativo,Não,,1,"4,62",0,,24,10,60,"2,9",65,36,Não,19
721,Vicente Costa,Feminino,32,Solteiro,Fundamental,São Paulo,SP,Sudeste,CD São Paulo,Centro de Distribuição,Conferente,Dr. Juan Castro,2021-04-25,"5,2",2310,CLT,Presencial,Não,Ativo,Não,,3,"-0,43",2,Acidente,5,27,23,"2,5",80,24,Não,1
722,Yan Monteiro,Masculino,36,Casado,Médio,Goiânia,GO,Centro-Oeste,CD Goiânia,Last Mile,Supervisor,Rodrigo Farias,2020-12-01,"5,6",7486,CLT,Presencial,Não,Ativo,Não,,5,"2,31",15,INSS,43,3,50,"2,5",72,2,Não,29
723,Alexandre Albuquerque,Masculino,31,Viúvo,Médio,São Paulo,SP,Sudeste,CD São Paulo,Operações,Auxiliar Operacional,Aurora Camargo,2022-02-11,"4,4",2357,CLT,Presencial,Não,Ativo,Não,,0,"3,01",15,INSS,12,-17,47,"2,8",66,38,Não,4
724,Sabrina Cassiano,Feminino,18,Solteiro,Superior,Campinas,SP,Sudeste,CD Campinas,Comercial,Analista,Thomas Barbosa,2023-01-17,"3,5",4768,CLT,Presencial,Não,Ativo,Não,,1,"2,28",0,,5,25,33,"3,3",75,13,Não,14
725,Dra. Beatriz da Cunha,Feminino,34,Casado,Técnico,Recife,PE,Nordeste,CD Recife,Centro de Distribuição,Auxiliar Operacional,Isabel Marques,2026-01-19,"0,4",2152,CLT,Híbrido,Não,Inativo,Sim,Pedido de Demissão,1,"3,94",0,,33,-17,29,"3,4",75,35,Não,24
726,João Martins,Masculino,31,Solteiro,Superior,Salvador,BA,Nordeste,CD Salvador,Centro de Distribuição,Supervisor,Carlos Eduardo Cavalcanti,2026-04-14,"0,2",9655,Aprendiz,Presencial,Não,Ativo,Não,,0,"4,23",5,Licença Médica,22,38,21,"3,5",57,3,Não,9
727,João Vitor Fonseca,Masculino,42,Solteiro,Médio,São Paulo,SP,Sudeste,CD São Paulo,Operações,Auxiliar Operacional,Luara Lima,2020-02-09,"6,4",2465,CLT,Presencial,Não,Ativo,Não,,4,"1,91",0,,0,32,42,"3,7",88,27,Não,24
728,Srta. Aylla Teixeira,Feminino,29,Casado,Superior,Salvador,BA,Nordeste,CD Salvador,Atendimento,Analista,Anthony Carvalho,2026-05-05,"0,2",5903,CLT,Presencial,Não,Ativo,Não,,2,"1,26",15,INSS,3,23,32,"3,5",67,36,Não,7
729,Eloá Farias,Masculino,18,Viúvo,Médio,Salvador,BA,Nordeste,CD Salvador,Centro de Distribuição,Conferente,Dr. João Felipe Siqueira,2018-11-21,"7,6",2973,CLT,Presencial,Não,Ativo,Não,,3,"3,56",0,,16,2,12,"3,6",78,0,Não,2
730,Marcelo Fernandes,Masculino,35,Solteiro,Fundamental,Campinas,SP,Sudeste,CD Campinas,Atendimento,Supervisor,Danilo Guerra,2020-10-29,"5,7",8069,CLT,Presencial,Não,Ativo,Não,,1,"3,89",15,INSS,48,20,26,"4,2",66,13,Não,12
731,Mirella da Mata,Feminino,44,Solteiro,Superior,Goiânia,GO,Centro-Oeste,CD Goiânia,Operações,Conferente,Pietra Leão,2023-03-10,"3,3",2253,Temporário,Presencial,Não,Inativo,Sim,Fim de Contrato,5,"4,74",0,,31,18,43,"2,1",85,40,Não,28
732,Eloah Camargo,Feminino,41,Solteiro,Superior,Recife,PE,Nordeste,CD Recife,Operações,Conferente,Bento Castro,2016-03-29,"10,3",3180,CLT,Remoto,Não,Ativo,Não,,0,"4,05",2,Acidente,38,28,41,"3,3",71,32,Não,7
733,Oliver Pastor,Masculino,39,Divorciado,Superior,Guarulhos,SP,Sudeste,CD Guarulhos,Operações,Conferente,Maysa Cirino,2018-12-20,"7,5",2371,CLT,Presencial,Não,Ativo,Não,,3,"2,75",15,INSS,40,38,55,"3,3",55,4,Não,0
734,Maria Helena Vasconcelos,Masculino,49,Solteiro,Superior,Recife,PE,Nordeste,CD Recife,Jurídico,Analista,Sr. Davi Lucca Mendes,2020-02-17,"6,4",4838,CLT,Presencial,Não,Ativo,Não,,3,"5,16",2,INSS,28,34,58,"3,2",84,0,Não,28
735,Brenda Jesus,Masculino,36,Casado,Médio,Brasília,DF,Centro-Oeste,CD Brasília,Last Mile,Supervisor,Ana Clara Azevedo,2019-10-21,"6,7",9365,Temporário,Presencial,Não,Ativo,Não,,2,"3,91",0,,31,-15,44,"3,8",68,3,Não,7
736,Levi Albuquerque,Feminino,33,Casado,Técnico,São Paulo,SP,Sudeste,CD São Paulo,Comercial,Analista,Dra. Valentina Vargas,2021-07-21,"4,9",5483,CLT,Híbrido,Não,Ativo,Não,,2,"4,76",5,Licença Médica,25,11,47,"3,1",57,25,Não,29
737,Dra. Heloisa Rios,Masculino,29,Casado,Superior,Salvador,BA,Nordeste,CD Salvador,Last Mile,Coordenador,Sr. Pedro Ribeiro,2016-06-10,"10,1",11877,CLT,Presencial,Não,Ativo,Não,,0,"2,9",2,Acidente,40,-10,18,"2,9",73,10,Não,1
738,Srta. Rafaela Ferreira,Masculino,22,Casado,Médio,Guarulhos,SP,Sudeste,CD Guarulhos,Operações,Conferente,Maria Isis Cassiano,2017-12-30,"8,5",2797,CLT,Presencial,Não,Ativo,Não,,3,0,10,INSS,7,-11,56,"3,7",100,40,Não,9
739,Ana Júlia Albuquerque,Masculino,41,Solteiro,Pós,Salvador,BA,Nordeste,CD Salvador,Centro de Distribuição,Auxiliar Operacional,Eduarda Montenegro,2021-07-13,5,2276,CLT,Presencial,Não,Inativo,Sim,Pedido de Demissão,1,"5,05",10,Acidente,26,20,30,"3,5",83,37,Não,7
740,Sabrina Cavalcante,Feminino,22,Casado,Fundamental,Goiânia,GO,Centro-Oeste,CD Goiânia,Atendimento,Analista,Samuel Duarte,2019-09-28,"6,8",5229,CLT,Presencial,Não,Ativo,Não,,1,"2,12",5,Licença Médica,3,28,47,"2,8",61,38,Não,19
741,Lucas da Mota,Masculino,45,Viúvo,Médio,Salvador,BA,Nordeste,CD Salvador,Last Mile,Coordenador,Thiago Câmara,2018-07-10,8,15658,CLT,Presencial,Não,Ativo,Não,,1,"5,19",15,Licença Médica,35,-16,27,3,82,16,Não,3
742,Maria Flor Guerra,Feminino,39,Divorciado,Técnico,Recife,PE,Nordeste,CD Recife,Jurídico,Analista,Bruno Marques,2017-07-05,9,5115,CLT,Presencial,Não,Ativo,Não,,3,"5,02",0,,39,37,14,3,67,10,Não,10
743,Melissa Borges,Feminino,31,Solteiro,Médio,Salvador,BA,Nordeste,CD Salvador,Operações,Auxiliar Operacional,Melissa Dias,2021-11-21,"4,6",2010,CLT,Presencial,Não,Ativo,Não,,1,"4,24",0,,46,22,57,"3,5",76,8,Não,1
744,Theo Souza,Feminino,51,Divorciado,Fundamental,Guarulhos,SP,Sudeste,CD Guarulhos,Transporte,Analista,Allana Caldeira,2023-05-08,"3,2",4868,CLT,Presencial,Não,Ativo,Não,,0,"2,3",15,Acidente,19,36,59,"3,6",60,35,Não,25
745,Maria Sophia Andrade,Masculino,39,Casado,Pós,Brasília,DF,Centro-Oeste,CD Brasília,Atendimento,Assistente,Agatha Borges,2017-12-06,"8,6",3224,CLT,Presencial,Não,Inativo,Sim,Desligamento sem Justa Causa,2,"2,09",5,INSS,28,22,10,"2,9",61,14,Não,23
746,Liz Moraes,Masculino,35,Viúvo,Fundamental,Guarulhos,SP,Sudeste,CD Guarulhos,Last Mile,Supervisor,Gabrielly Rezende,2018-04-28,"8,2",7326,CLT,Presencial,Não,Ativo,Não,,1,"0,97",10,Licença Médica,6,28,40,"3,6",81,17,Não,13
747,Mirella Fernandes,Masculino,27,Solteiro,Médio,São Paulo,SP,Sudeste,CD São Paulo,Atendimento,Assistente,Sr. Henry Gabriel Marques,2019-05-11,"7,1",3748,CLT,Presencial,Não,Inativo,Sim,Fim de Contrato,0,"1,67",0,,33,23,23,3,73,4,Não,26
748,Dr. Luiz Otávio Silva,Masculino,34,Solteiro,Médio,Curitiba,PR,Sul,CD Curitiba,Centro de Distribuição,Conferente,Bruna Brito,2025-11-04,"0,7",2895,CLT,Híbrido,Sim,Inativo,Sim,Fim de Contrato,4,"0,93",0,,10,-10,56,"4,2",89,30,Não,18
749,Hellena Abreu,Feminino,38,Solteiro,Pós,Salvador,BA,Nordeste,CD Salvador,Operações,Conferente,Dr. João Vitor Novaes,2019-04-22,"7,2",2226,CLT,Presencial,Não,Ativo,Não,,3,"2,18",0,,16,15,18,"3,8",92,2,Não,0
750,Maria Fernanda Sampaio,Feminino,41,Casado,Pós,São Paulo,SP,Sudeste,CD São Paulo,Centro de Distribuição,Supervisor,Augusto Cavalcante,2018-07-28,"7,9",7766,CLT,Presencial,Não,Ativo,Não,,1,"5,1",2,Licença Médica,56,35,37,"2,4",75,12,Não,14
751,Cecilia Silva,Masculino,23,Solteiro,Médio,Curitiba,PR,Sul,CD Curitiba,Financeiro,Analista,Dra. Maria Luísa Caldeira,2017-10-13,"8,7",6776,CLT,Presencial,Não,Ativo,Não,,1,"3,94",15,Licença Médica,18,16,17,"3,2",84,11,Não,14
752,Gael Henrique Correia,Masculino,27,Casado,Médio,Salvador,BA,Nordeste,CD Salvador,Last Mile,Coordenador,Matteo Cunha,2021-09-06,"4,8",12842,CLT,Presencial,Sim,Ativo,Não,,2,"0,16",0,,6,38,21,"3,8",53,22,Não,20
753,Esther Silva,Feminino,40,Solteiro,Superior,São Paulo,SP,Sudeste,CD São Paulo,Centro de Distribuição,Conferente,Sr. Oliver Aparecida,2017-08-29,"8,8",2731,CLT,Presencial,Não,Ativo,Não,,3,"2,62",0,,24,23,42,"2,8",70,35,Não,17
754,Camila Vargas,Masculino,39,Casado,Técnico,Goiânia,GO,Centro-Oeste,CD Goiânia,Centro de Distribuição,Supervisor,Natália Ribeiro,2024-07-06,2,8803,Temporário,Presencial,Não,Ativo,Não,,3,"3,43",0,,14,20,44,"3,4",68,9,Não,16
755,Sofia Carvalho,Masculino,39,Casado,Técnico,Curitiba,PR,Sul,CD Curitiba,Centro de Distribuição,Conferente,Alana Moura,2019-09-12,"6,8",2505,CLT,Presencial,Não,Inativo,Sim,Fim de Contrato,3,4,0,,17,-13,18,"3,6",48,10,Não,29
756,Srta. Marina Pacheco,Feminino,34,Viúvo,Superior,Campinas,SP,Sudeste,CD Campinas,Centro de Distribuição,Conferente,Sophia Vasconcelos,2024-04-08,"2,2",2936,CLT,Presencial,Não,Ativo,Não,,3,"0,9",0,,10,38,57,"3,3",69,21,Não,15
757,Erick Siqueira,Masculino,33,Solteiro,Superior,Recife,PE,Nordeste,CD Recife,Centro de Distribuição,Conferente,Cauã Gomes,2017-03-29,"9,3",2796,CLT,Presencial,Não,Ativo,Não,,3,"4,84",0,,48,12,32,"2,9",69,5,Não,21
758,Luna Montenegro,Masculino,18,Solteiro,Médio,Campinas,SP,Sudeste,CD Campinas,Tecnologia,Analista Sênior,Mariah Pereira,2022-01-09,"4,5",7153,CLT,Presencial,Não,Ativo,Não,,1,"1,82",10,Licença Médica,16,30,49,3,84,40,Não,24
759,Srta. Kamilly Gonçalves,Masculino,34,Casado,Médio,Curitiba,PR,Sul,CD Curitiba,Last Mile,Supervisor,Dr. Rael Carvalho,2017-02-23,"9,4",7003,CLT,Presencial,Não,Ativo,Não,,2,"0,78",0,,18,-4,53,"3,2",81,11,Não,15
760,Noah Pereira,Masculino,23,Solteiro,Técnico,Goiânia,GO,Centro-Oeste,CD Goiânia,Operações,Auxiliar Operacional,Dra. Sophie da Rosa,2020-09-20,"5,8",2029,CLT,Presencial,Não,Ativo,Não,,5,"3,07",15,INSS,30,13,43,"4,9",82,15,Não,1
761,Dra. Luara Silva,Feminino,27,Casado,Técnico,São Paulo,SP,Sudeste,CD São Paulo,Operações,Supervisor,Dra. Helena Costa,2022-06-29,4,10019,CLT,Presencial,Não,Ativo,Não,,4,"3,17",0,,42,-7,34,"2,7",91,35,Não,3
762,João Vitor Rodrigues,Feminino,40,Solteiro,Pós,São Paulo,SP,Sudeste,CD São Paulo,Operações,Auxiliar Operacional,Sr. Felipe Montenegro,2017-03-13,"9,3",2430,CLT,Presencial,Não,Ativo,Não,,2,"2,69",5,Acidente,18,5,40,"3,6",88,28,Não,4
763,Luna Santos,Masculino,43,Divorciado,Técnico,São Paulo,SP,Sudeste,CD São Paulo,RH,Analista,Luiz Gustavo Novais,2022-12-30,"3,5",5280,CLT,Presencial,Não,Ativo,Não,,2,"0,26",2,Licença Médica,33,33,34,"3,3",79,10,Não,17
764,Maria Vitória Rocha,Feminino,24,Solteiro,Pós,São Paulo,SP,Sudeste,CD São Paulo,Financeiro,Assistente,Dra. Laura Lima,2019-08-31,"6,8",3758,CLT,Presencial,Não,Ativo,Não,,2,3,0,,52,18,50,"3,5",74,17,Não,27
765,Vicente Caldeira,Feminino,39,Solteiro,Médio,São Paulo,SP,Sudeste,CD São Paulo,RH,Analista,Mateus Casa Grande,2016-04-26,"10,2",6180,CLT,Presencial,Não,Ativo,Não,,2,"2,18",0,,49,14,26,"2,8",73,11,Não,30
766,Benjamin Costa,Feminino,35,Casado,Fundamental,Brasília,DF,Centro-Oeste,CD Brasília,Last Mile,Motorista,Enrico da Paz,2016-03-14,"10,3",4435,CLT,Presencial,Não,Ativo,Não,,1,"2,81",15,Acidente,57,-13,59,"2,8",51,5,Não,26
767,Isis Casa Grande,Feminino,27,Casado,Superior,Salvador,BA,Nordeste,CD Salvador,Centro de Distribuição,Conferente,Juan Costela,2023-04-06,"3,2",2809,CLT,Presencial,Não,Ativo,Não,,0,"5,82",10,Acidente,36,31,24,"3,4",72,3,Não,25
768,Ana Beatriz Fogaça,Feminino,44,Solteiro,Pós,Campinas,SP,Sudeste,CD Campinas,Centro de Distribuição,Conferente,Bella Pimenta,2023-01-02,"3,5",2657,CLT,Presencial,Não,Ativo,Não,,3,"2,44",5,Acidente,37,14,10,"3,4",64,23,Não,15
769,Heloisa Souza,Feminino,34,Divorciado,Técnico,São Paulo,SP,Sudeste,CD São Paulo,Atendimento,Analista,Maria Julia da Costa,2018-11-03,"7,7",4654,CLT,Presencial,Não,Ativo,Não,,2,"2,61",10,Licença Médica,38,-19,44,"3,7",77,19,Não,27
770,Laura Sales,Masculino,27,Solteiro,Técnico,Goiânia,GO,Centro-Oeste,CD Goiânia,Operações,Conferente,Ana Julia Garcia,2025-07-03,1,2673,CLT,Presencial,Não,Ativo,Não,,1,"3,1",2,Licença Médica,32,1,26,"2,2",86,19,Não,19
771,Maria Vitória Viana,Feminino,29,Divorciado,Fundamental,Guarulhos,SP,Sudeste,CD Guarulhos,Last Mile,Coordenador,Luara Novaes,2016-10-31,"9,7",14491,CLT,Híbrido,Não,Ativo,Não,,0,"1,8",0,,22,-10,55,3,72,17,Não,6
772,Anthony Gabriel Souza,Feminino,52,Viúvo,Médio,Salvador,BA,Nordeste,CD Salvador,Last Mile,Coordenador,Guilherme Pinto,2025-03-16,"1,3",14202,CLT,Presencial,Não,Ativo,Não,,2,"3,86",0,,47,-12,55,"3,2",75,1,Não,20
773,Heloisa Porto,Masculino,45,Casado,Pós,Goiânia,GO,Centro-Oeste,CD Goiânia,Last Mile,Motorista,Dra. Maria Eduarda Sá,2018-07-06,8,3494,Temporário,Presencial,Não,Ativo,Não,,3,"2,86",0,,3,18,47,"3,4",80,13,Não,22
774,Ísis Sousa,Feminino,33,Solteiro,Superior,Curitiba,PR,Sul,CD Curitiba,Atendimento,Analista,Fernanda Vasconcelos,2018-02-05,"8,4",5171,CLT,Presencial,Sim,Ativo,Não,,3,"3,46",2,INSS,14,-5,19,"4,1",95,19,Não,15
775,Srta. Laís Machado,Masculino,57,Solteiro,Médio,São Paulo,SP,Sudeste,CD São Paulo,Operações,Conferente,Breno Cirino,2023-03-24,"3,3",2243,CLT,Híbrido,Não,Ativo,Não,,1,"1,76",5,INSS,13,22,59,4,56,5,Não,0
776,Théo Campos,Masculino,27,Viúvo,Técnico,Curitiba,PR,Sul,CD Curitiba,Centro de Distribuição,Supervisor,Ana Cecília Lima,2021-07-12,5,7253,Temporário,Presencial,Não,Ativo,Não,,3,"4,59",0,,30,13,41,"3,3",73,5,Não,21
777,João Cardoso,Masculino,39,Solteiro,Médio,Recife,PE,Nordeste,CD Recife,Operações,Conferente,José Miguel Abreu,2016-06-29,10,2738,CLT,Híbrido,Não,Ativo,Não,,2,"1,75",15,INSS,35,32,13,"3,5",81,31,Não,18
778,Dr. Eduardo Aparecida,Feminino,35,Solteiro,Médio,Salvador,BA,Nordeste,CD Salvador,Operações,Auxiliar Operacional,Lorenzo Peixoto,2023-06-26,3,1988,Aprendiz,Presencial,Sim,Ativo,Não,,2,"4,43",10,INSS,40,-11,40,"2,4",68,10,Não,24
779,Kevin Mendonça,Masculino,21,Solteiro,Médio,Salvador,BA,Nordeste,CD Salvador,Atendimento,Analista,Maria Alice Barbosa,2018-10-08,"7,7",5991,CLT,Presencial,Não,Ativo,Não,,5,"4,37",0,,44,28,37,"1,9",79,36,Não,12
780,Sra. Valentina Câmara,Masculino,28,Solteiro,Superior,Brasília,DF,Centro-Oeste,CD Brasília,Operações,Auxiliar Operacional,Vicente Azevedo,2023-05-30,"3,1",2531,CLT,Presencial,Não,Ativo,Não,,2,"3,23",0,,27,-1,25,"2,2",61,33,Não,13
781,Eduarda Leão,Feminino,38,Solteiro,Médio,Campinas,SP,Sudeste,CD Campinas,Transporte,Analista,Zoe Guerra,2018-03-02,"8,3",5264,CLT,Remoto,Não,Ativo,Não,,3,"4,37",5,INSS,42,-1,25,"1,9",53,4,Não,23
782,Luiz Fernando Câmara,Masculino,33,Divorciado,Médio,São Paulo,SP,Sudeste,CD São Paulo,Operações,Supervisor,Lucas Farias,2017-01-02,"9,5",7410,CLT,Presencial,Não,Inativo,Sim,Desligamento sem Justa Causa,1,"3,72",5,Licença Médica,46,10,29,"3,3",63,18,Não,1
783,Dr. Henrique Sá,Feminino,30,Divorciado,Técnico,Brasília,DF,Centro-Oeste,CD Brasília,Last Mile,Coordenador,Vitória Melo,2016-12-30,"9,5",11855,Temporário,Presencial,Não,Ativo,Não,,2,"4,12",0,,53,12,52,"2,8",74,6,Não,5
784,Alexia Camargo,Masculino,29,Solteiro,Médio,Guarulhos,SP,Sudeste,CD Guarulhos,Centro de Distribuição,Auxiliar Operacional,Manuella Machado,2016-07-29,"9,9",2062,CLT,Presencial,Não,Ativo,Não,,2,"4,96",0,,50,28,45,"2,6",100,6,Não,4
785,Joaquim Aparecida,Masculino,29,Solteiro,Fundamental,Brasília,DF,Centro-Oeste,CD Brasília,Operações,Auxiliar Operacional,Luna Garcia,2025-06-23,1,2578,CLT,Presencial,Não,Ativo,Não,,1,"1,33",0,,13,25,56,"3,4",94,16,Não,11
786,Matheus da Cunha,Feminino,36,Viúvo,Médio,Campinas,SP,Sudeste,CD Campinas,Operações,Supervisor,Larissa Alves,2020-03-06,"6,3",7358,Temporário,Presencial,Não,Ativo,Não,,4,"0,21",2,Licença Médica,2,-5,60,"3,3",83,12,Não,22
787,Maria Fernanda Moraes,Feminino,27,Casado,Técnico,Guarulhos,SP,Sudeste,CD Guarulhos,Operações,Supervisor,Melissa Mendonça,2023-04-27,"3,2",7088,Temporário,Presencial,Não,Ativo,Não,,2,"2,38",10,Acidente,9,22,12,"2,9",85,40,Não,7
788,Juan Rezende,Masculino,38,Solteiro,Médio,Guarulhos,SP,Sudeste,CD Guarulhos,Last Mile,Coordenador,Lorenzo Moraes,2017-03-22,"9,3",13511,CLT,Presencial,Não,Ativo,Não,,1,2,5,Acidente,0,27,36,"4,3",53,14,Não,6
789,Calebe Cavalcante,Feminino,23,Casado,Técnico,São Paulo,SP,Sudeste,CD São Paulo,Operações,Conferente,Yasmin Abreu,2016-12-26,"9,5",2201,CLT,Presencial,Não,Ativo,Não,,1,"0,67",10,INSS,5,16,29,"2,5",82,22,Não,9
790,Ana Luiza Costela,Masculino,40,Casado,Superior,São Paulo,SP,Sudeste,CD São Paulo,Centro de Distribuição,Auxiliar Operacional,Hadassa Rodrigues,2020-09-09,"5,8",2418,CLT,Presencial,Não,Ativo,Não,,1,"1,55",0,,12,33,12,"3,4",55,28,Não,9
791,Bella Costela,Feminino,33,Solteiro,Médio,Campinas,SP,Sudeste,CD Campinas,Operações,Supervisor,Maya Ramos,2024-08-06,"1,9",9916,CLT,Presencial,Não,Ativo,Não,,0,"4,79",0,,33,-20,60,"3,2",48,24,Não,30
792,Eduardo Alves,Feminino,52,Casado,Técnico,Campinas,SP,Sudeste,CD Campinas,Last Mile,Motorista,Luísa Andrade,2026-04-07,"0,2",4182,CLT,Presencial,Não,Ativo,Não,,1,"2,95",0,,4,37,46,"2,8",53,31,Não,10
793,Brayan Aragão,Masculino,42,Solteiro,Médio,Guarulhos,SP,Sudeste,CD Guarulhos,Last Mile,Supervisor,José Novais,2022-08-17,"3,9",7917,CLT,Presencial,Não,Ativo,Não,,0,"1,65",0,,32,4,51,"3,6",67,1,Não,6
794,Ian da Luz,Feminino,34,Solteiro,Técnico,Curitiba,PR,Sul,CD Curitiba,Last Mile,Coordenador,Maria Julia Machado,2016-12-29,"9,5",14201,CLT,Presencial,Não,Ativo,Não,,4,"2,76",0,,1,21,34,3,68,2,Não,24
795,Maria Luiza Lopes,Feminino,35,Solteiro,Técnico,Brasília,DF,Centro-Oeste,CD Brasília,Operações,Conferente,Sr. Mathias Rocha,2025-05-28,"1,1",3013,CLT,Presencial,Não,Ativo,Não,,3,"1,03",0,,7,-19,18,"3,2",84,4,Não,1
796,Vitor Abreu,Feminino,53,Casado,Médio,Guarulhos,SP,Sudeste,CD Guarulhos,Last Mile,Coordenador,Ana Luiza Sá,2017-03-22,"9,3",15950,CLT,Presencial,Não,Ativo,Não,,2,"-0,2",10,Acidente,25,40,29,3,73,32,Não,30
797,Dra. Ana Clara Sampaio,Feminino,18,Solteiro,Médio,Brasília,DF,Centro-Oeste,CD Brasília,Operações,Supervisor,Luiz Henrique Montenegro,2016-03-14,"10,3",10834,CLT,Presencial,Sim,Inativo,Sim,Desligamento sem Justa Causa,3,"1,84",0,,0,25,25,"3,8",75,10,Não,24
798,João Vitor Viana,Masculino,27,Casado,Médio,Guarulhos,SP,Sudeste,CD Guarulhos,Operações,Supervisor,Liz Pereira,2025-08-09,"0,9",8411,CLT,Presencial,Não,Ativo,Não,,1,"1,45",0,,13,-13,32,"3,7",80,35,Não,2
799,João Miguel Teixeira,Feminino,30,Casado,Técnico,Goiânia,GO,Centro-Oeste,CD Goiânia,Transporte,Supervisor,Maria Helena Gonçalves,2023-08-16,"2,9",8678,CLT,Presencial,Não,Ativo,Não,,1,"2,95",0,,17,-5,14,"4,7",80,4,Não,19
800,Ana Melo,Feminino,33,Casado,Superior,Guarulhos,SP,Sudeste,CD Guarulhos,Last Mile,Supervisor,Vitor Câmara,2018-02-11,"8,4",10534,CLT,Híbrido,Não,Ativo,Não,,2,"4,29",2,INSS,42,28,26,"3,2",70,19,Não,24
801,Matteo Vieira,Feminino,51,Casado,Técnico,São Paulo,SP,Sudeste,CD São Paulo,Centro de Distribuição,Supervisor,Laís Porto,2025-02-28,"1,3",9656,CLT,Presencial,Não,Ativo,Não,,2,"2,64",10,Acidente,56,32,20,"2,5",70,25,Não,20
802,Kaique Rocha,Feminino,40,Divorciado,Fundamental,Campinas,SP,Sudeste,CD Campinas,Operações,Conferente,Dra. Maria Fernanda Albuquerque,2022-01-04,"4,5",2712,CLT,Presencial,Não,Ativo,Não,,0,"3,44",0,,16,-11,27,"3,6",78,23,Não,0
803,Cecília Campos,Feminino,31,Casado,Técnico,Campinas,SP,Sudeste,CD Campinas,Last Mile,Supervisor,André Oliveira,2021-07-17,5,9308,CLT,Presencial,Não,Ativo,Não,,0,"1,43",2,Acidente,15,1,45,"4,1",81,37,Não,25
804,Maria Júlia Nascimento,Masculino,18,Casado,Fundamental,Brasília,DF,Centro-Oeste,CD Brasília,Transporte,Motorista,Antonella das Neves,2020-06-04,"6,1",3671,CLT,Presencial,Sim,Ativo,Não,,2,"3,53",0,,60,6,51,3,65,19,Não,15
805,Luiz Felipe Cunha,Masculino,33,Casado,Médio,Guarulhos,SP,Sudeste,CD Guarulhos,Financeiro,Assistente,Sophie Casa Grande,2018-08-23,"7,9",3236,CLT,Presencial,Sim,Ativo,Não,,1,"3,37",15,INSS,9,-3,28,"2,8",59,37,Não,4
806,Francisco Câmara,Masculino,36,Solteiro,Médio,Recife,PE,Nordeste,CD Recife,Centro de Distribuição,Conferente,Isis Correia,2025-06-06,"1,1",2901,CLT,Presencial,Não,Ativo,Não,,3,"4,28",0,,33,-1,26,"2,6",75,10,Não,12
807,Fernando Rios,Feminino,32,Casado,Pós,Guarulhos,SP,Sudeste,CD Guarulhos,Last Mile,Motorista,Ana Júlia Sá,2025-08-01,"0,9",2874,CLT,Presencial,Não,Ativo,Não,,4,"2,84",2,Licença Médica,48,-8,35,"3,3",79,15,Não,24
808,Nicole Ramos,Masculino,32,Divorciado,Médio,Goiânia,GO,Centro-Oeste,CD Goiânia,Operações,Conferente,Ana Sophia da Rocha,2021-07-14,5,2458,CLT,Presencial,Não,Ativo,Não,,0,"2,79",2,INSS,19,-6,16,"3,6",61,14,Não,24
809,Ana Lívia da Cunha,Feminino,32,Solteiro,Superior,Salvador,BA,Nordeste,CD Salvador,Financeiro,Analista,Gael Henrique Silveira,2019-02-13,"7,4",5330,CLT,Presencial,Não,Ativo,Não,,1,"3,28",0,,3,23,10,3,82,32,Não,2
810,Raquel Farias,Masculino,31,Solteiro,MBA,Salvador,BA,Nordeste,CD Salvador,Last Mile,Motorista,Sr. Isaac Brito,2021-08-06,"4,9",3467,CLT,Presencial,Não,Ativo,Não,,3,"4,97",2,INSS,22,32,26,"3,4",86,8,Não,30
811,Bernardo Correia,Feminino,46,Casado,Superior,Campinas,SP,Sudeste,CD Campinas,Centro de Distribuição,Auxiliar Operacional,Dr. Rael Farias,2022-12-06,"3,6",2190,CLT,Presencial,Não,Ativo,Não,,2,"3,97",2,Acidente,33,16,22,"3,5",70,24,Não,26
812,Lorena Sales,Feminino,34,Casado,Médio,Campinas,SP,Sudeste,CD Campinas,Centro de Distribuição,Conferente,Daniela Nunes,2018-10-14,"7,7",2491,CLT,Híbrido,Sim,Ativo,Não,,2,"1,66",15,Acidente,18,27,51,"2,8",56,26,Não,9
813,Maria Clara Dias,Feminino,19,Solteiro,Médio,Salvador,BA,Nordeste,CD Salvador,Last Mile,Coordenador,Eloá Abreu,2023-07-16,3,13349,CLT,Presencial,Não,Ativo,Não,,2,"4,49",0,,41,14,58,"4,3",63,32,Sim,18
814,Sr. Henry Silva,Feminino,21,Solteiro,Médio,Goiânia,GO,Centro-Oeste,CD Goiânia,Operações,Auxiliar Operacional,Dra. Maya da Mota,2025-03-15,"1,3",1975,CLT,Presencial,Não,Ativo,Não,,2,"0,91",5,INSS,11,-9,41,"3,8",70,3,Não,8
815,Sr. Lucas Mendes,Feminino,26,Divorciado,Técnico,Goiânia,GO,Centro-Oeste,CD Goiânia,Transporte,Motorista,Melissa Fogaça,2018-01-25,"8,4",3529,CLT,Presencial,Não,Ativo,Não,,0,"3,02",10,INSS,57,11,38,"4,4",74,20,Sim,2
816,Ryan Novaes,Masculino,41,Casado,Pós,Goiânia,GO,Centro-Oeste,CD Goiânia,Centro de Distribuição,Auxiliar Operacional,Erick Ramos,2023-06-21,3,2518,CLT,Presencial,Não,Ativo,Não,,2,"2,69",5,Acidente,1,3,37,"4,5",83,23,Sim,14
817,Anna Liz da Mota,Feminino,48,Divorciado,Fundamental,Goiânia,GO,Centro-Oeste,CD Goiânia,Last Mile,Motorista,Vitor Gabriel Costa,2017-09-01,"8,8",3460,Temporário,Presencial,Não,Ativo,Não,,2,"4,64",0,,21,-14,22,"2,5",84,22,Não,20
818,Breno Siqueira,Masculino,28,Solteiro,Médio,Guarulhos,SP,Sudeste,CD Guarulhos,Operações,Auxiliar Operacional,Antony Montenegro,2023-10-14,"2,7",1949,CLT,Presencial,Não,Inativo,Sim,Pedido de Demissão,3,"3,03",0,,10,-13,60,"3,2",85,0,Não,15
819,Ana Pacheco,Feminino,38,Casado,Superior,Curitiba,PR,Sul,CD Curitiba,Last Mile,Coordenador,Maria Luiza Vargas,2025-06-09,"1,1",11224,CLT,Presencial,Não,Ativo,Não,,3,"3,36",5,Acidente,29,-18,32,"3,8",78,25,Não,28
820,Hadassa Andrade,Feminino,29,Casado,Técnico,São Paulo,SP,Sudeste,CD São Paulo,Operações,Auxiliar Operacional,Joana Nogueira,2021-06-06,"5,1",2306,CLT,Presencial,Não,Ativo,Não,,1,"2,19",2,Acidente,35,29,33,"3,2",77,18,Não,6
821,Olivia Rezende,Masculino,41,Solteiro,Técnico,Campinas,SP,Sudeste,CD Campinas,Operações,Supervisor,Luiz Otávio Gonçalves,2019-06-07,"7,1",9163,CLT,Híbrido,Não,Ativo,Não,,1,"4,2",0,,24,-9,33,"3,2",70,39,Não,20
822,João Vitor Carvalho,Feminino,33,Casado,Técnico,São Paulo,SP,Sudeste,CD São Paulo,Operações,Supervisor,Sarah Moraes,2023-05-07,"3,2",8116,CLT,Presencial,Não,Ativo,Não,,3,"2,94",0,,22,38,33,"3,3",44,1,Não,26
823,Miguel Fonseca,Masculino,48,Solteiro,Médio,Recife,PE,Nordeste,CD Recife,Last Mile,Motorista,Alexia Ribeiro,2026-03-11,"0,3",3674,CLT,Híbrido,Não,Ativo,Não,,5,"3,66",10,Acidente,54,16,49,"3,6",88,3,Não,14
824,Enzo Sá,Feminino,37,Casado,Médio,Goiânia,GO,Centro-Oeste,CD Goiânia,Atendimento,Analista,Cecilia Machado,2020-01-08,"6,5",6231,CLT,Presencial,Não,Ativo,Não,,2,"3,24",15,Licença Médica,20,27,36,"3,6",57,35,Não,0
825,Felipe Nunes,Masculino,29,Casado,Médio,Goiânia,GO,Centro-Oeste,CD Goiânia,Tecnologia,Analista Sênior,Clara Sousa,2019-06-21,7,7318,Temporário,Presencial,Não,Ativo,Não,,3,"3,28",2,Licença Médica,19,16,25,"3,5",73,20,Não,23
826,Sra. Maria Alice Aparecida,Masculino,25,Solteiro,Médio,Curitiba,PR,Sul,CD Curitiba,Transporte,Motorista,Ryan da Conceição,2017-04-23,"9,2",2945,CLT,Presencial,Não,Ativo,Não,,0,"1,63",0,,8,38,43,"3,5",77,18,Não,29
827,João Freitas,Feminino,40,Solteiro,Médio,Guarulhos,SP,Sudeste,CD Guarulhos,Centro de Distribuição,Conferente,Asafe Rios,2023-09-12,"2,8",2480,CLT,Presencial,Não,Ativo,Não,,3,"3,84",0,,26,0,17,"3,2",91,6,Não,8
828,Valentim Vieira,Masculino,56,Casado,Superior,Brasília,DF,Centro-Oeste,CD Brasília,Comercial,Gerente,Dr. Ravy Marques,2020-06-27,6,18675,CLT,Presencial,Não,Ativo,Não,,2,"2,61",2,Licença Médica,29,10,26,"3,7",74,2,Não,25
829,Asafe Rezende,Feminino,25,Solteiro,Médio,Salvador,BA,Nordeste,CD Salvador,Last Mile,Supervisor,Sr. Vicente Porto,2025-05-05,"1,2",9949,CLT,Presencial,Não,Ativo,Não,,1,"4,27",5,Licença Médica,28,25,47,"4,1",78,32,Não,17
830,João Pacheco,Masculino,48,Solteiro,Médio,Brasília,DF,Centro-Oeste,CD Brasília,Atendimento,Supervisor,Emanuella Garcia,2023-01-04,"3,5",8127,CLT,Presencial,Não,Inativo,Sim,Fim de Contrato,1,"1,73",2,Acidente,14,37,45,"3,2",61,27,Não,3
831,Maria Flor Fonseca,Feminino,23,Casado,Superior,Recife,PE,Nordeste,CD Recife,Centro de Distribuição,Conferente,Ana Vitória Moreira,2016-04-16,"10,2",2921,CLT,Presencial,Não,Ativo,Não,,1,"3,4",0,,24,39,30,3,68,37,Não,10
832,Marcos Vinicius Câmara,Masculino,24,Casado,MBA,Curitiba,PR,Sul,CD Curitiba,Transporte,Motorista,Maria Luiza Fogaça,2020-10-14,"5,7",3467,CLT,Presencial,Não,Ativo,Não,,1,"2,6",15,Licença Médica,20,-8,43,"2,6",67,28,Não,8
833,Dr. Rodrigo Pereira,Masculino,30,Solteiro,Superior,Salvador,BA,Nordeste,CD Salvador,Operações,Auxiliar Operacional,Theodoro Carvalho,2021-08-11,"4,9",2278,CLT,Presencial,Não,Ativo,Não,,3,"3,76",2,Acidente,32,8,42,"3,7",69,23,Não,24
834,Eloah da Conceição,Feminino,32,Casado,Superior,Salvador,BA,Nordeste,CD Salvador,Operações,Auxiliar Operacional,Théo Ramos,2019-06-14,"7,1",2222,CLT,Presencial,Não,Ativo,Não,,1,"1,09",0,,10,18,19,"3,5",71,9,Não,19
835,Heitor Cassiano,Masculino,18,Casado,Superior,Salvador,BA,Nordeste,CD Salvador,Operações,Auxiliar Operacional,Emanuel Fonseca,2020-03-10,"6,3",2185,CLT,Presencial,Sim,Inativo,Sim,Fim de Contrato,4,"2,23",5,INSS,1,-11,54,"4,2",65,30,Não,24
836,Bárbara Ribeiro,Masculino,33,Casado,Médio,Guarulhos,SP,Sudeste,CD Guarulhos,Centro de Distribuição,Conferente,Oliver Farias,2024-01-27,"2,4",2517,Aprendiz,Presencial,Não,Ativo,Não,,2,"1,64",0,,21,24,38,4,63,23,Não,26
837,Srta. Rafaela Rocha,Feminino,18,Divorciado,Superior,Curitiba,PR,Sul,CD Curitiba,Comercial,Gerente,Pietra Costela,2026-04-05,"0,2",22158,CLT,Presencial,Não,Ativo,Não,,4,"3,93",0,,19,40,23,"3,8",60,24,Não,10
838,Elisa Ramos,Feminino,39,Solteiro,Médio,São Paulo,SP,Sudeste,CD São Paulo,Atendimento,Supervisor,Alícia da Cruz,2020-12-23,"5,5",7896,CLT,Presencial,Não,Ativo,Não,,0,"3,61",10,Acidente,39,36,22,"3,4",76,36,Não,13
839,Davi Lucas Oliveira,Masculino,50,Casado,Fundamental,Guarulhos,SP,Sudeste,CD Guarulhos,Last Mile,Coordenador,Elisa Carvalho,2019-01-06,"7,5",14576,CLT,Presencial,Não,Ativo,Não,,0,"4,01",15,Licença Médica,56,9,41,"2,6",86,35,Não,12
840,Sophie Aparecida,Masculino,27,Casado,Técnico,Campinas,SP,Sudeste,CD Campinas,Operações,Supervisor,Clara Araújo,2018-12-13,"7,6",7743,CLT,Presencial,Não,Ativo,Não,,1,"2,65",2,INSS,17,-1,41,"3,8",61,34,Não,12
841,José Pedro Cirino,Masculino,30,Casado,Superior,Brasília,DF,Centro-Oeste,CD Brasília,Financeiro,Coordenador,Maria Luiza Peixoto,2018-10-19,"7,7",15972,CLT,Presencial,Não,Ativo,Não,,2,"2,77",2,Licença Médica,51,7,26,"3,2",68,8,Não,20
842,Allana Silveira,Masculino,45,Solteiro,Superior,Campinas,SP,Sudeste,CD Campinas,Atendimento,Analista,Dra. Larissa Barros,2025-06-08,"1,1",6892,Temporário,Presencial,Não,Inativo,Sim,Fim de Contrato,1,"3,56",0,,19,32,54,"3,9",73,20,Não,27
843,Pietro Pereira,Masculino,36,Solteiro,Superior,Salvador,BA,Nordeste,CD Salvador,Centro de Distribuição,Conferente,Rafaela Cavalcante,2025-05-28,"1,1",2731,CLT,Presencial,Não,Ativo,Não,,3,"1,51",2,Acidente,3,4,43,"3,6",76,8,Não,8
844,Noah Peixoto,Feminino,30,Casado,Superior,Recife,PE,Nordeste,CD Recife,Centro de Distribuição,Supervisor,Fernando Pinto,2018-09-24,"7,8",7044,CLT,Presencial,Não,Ativo,Não,,1,"3,32",10,Acidente,8,24,54,"3,3",100,23,Não,23
845,Sophia da Luz,Feminino,49,Divorciado,Médio,Recife,PE,Nordeste,CD Recife,Centro de Distribuição,Auxiliar Operacional,Luigi Marques,2016-10-14,"9,7",1970,CLT,Presencial,Não,Ativo,Não,,4,"5,22",15,Licença Médica,17,-8,45,"3,4",62,16,Não,14
846,Ana Lívia da Conceição,Masculino,40,Casado,Técnico,Curitiba,PR,Sul,CD Curitiba,Atendimento,Supervisor,Maria Isis Cardoso,2025-06-13,1,8824,CLT,Híbrido,Não,Ativo,Não,,1,"4,36",2,Licença Médica,19,-7,24,"2,8",80,32,Não,9
847,Antony Costa,Feminino,26,Divorciado,Médio,Goiânia,GO,Centro-Oeste,CD Goiânia,Operações,Supervisor,Sofia Rodrigues,2018-03-13,"8,3",10255,CLT,Presencial,Não,Ativo,Não,,3,"3,85",0,,52,18,12,"4,2",61,9,Não,2
848,Clarice Pereira,Feminino,37,Casado,Superior,Campinas,SP,Sudeste,CD Campinas,Operações,Conferente,Felipe Melo,2023-07-15,3,2923,CLT,Presencial,Não,Ativo,Não,,3,"1,08",0,,32,8,55,"3,5",80,27,Não,29
849,Ana Carolina Viana,Feminino,43,Solteiro,Técnico,Curitiba,PR,Sul,CD Curitiba,Last Mile,Supervisor,Sarah Sá,2020-09-12,"5,8",10831,CLT,Presencial,Não,Ativo,Não,,1,"2,32",5,Acidente,24,23,24,"4,4",58,15,Sim,12
850,Caleb Mendes,Feminino,27,Casado,Médio,Goiânia,GO,Centro-Oeste,CD Goiânia,RH,Coordenador,Caroline Pereira,2019-09-17,"6,8",13870,CLT,Híbrido,Não,Ativo,Não,,2,"0,95",15,INSS,7,29,38,4,93,35,Não,26
851,Agatha Vasconcelos,Masculino,37,Casado,Médio,Brasília,DF,Centro-Oeste,CD Brasília,Atendimento,Analista,Marina Moreira,2021-06-08,"5,1",6833,CLT,Híbrido,Não,Ativo,Não,,3,"3,3",0,,46,-18,45,"3,2",71,25,Não,28
852,Maria Eduarda Aparecida,Masculino,23,Casado,Superior,Guarulhos,SP,Sudeste,CD Guarulhos,Financeiro,Analista,Dra. Mariane da Conceição,2019-08-12,"6,9",6099,CLT,Híbrido,Não,Ativo,Não,,6,"2,23",2,INSS,9,9,29,"4,3",67,1,Não,17
853,Maria Helena Ferreira,Masculino,34,Casado,Médio,Brasília,DF,Centro-Oeste,CD Brasília,Operações,Auxiliar Operacional,Beatriz Lima,2022-08-13,"3,9",2033,CLT,Presencial,Não,Ativo,Não,,4,"2,13",10,Licença Médica,47,25,38,"3,3",77,34,Não,26
854,José Miguel Mendes,Masculino,38,Solteiro,Fundamental,Recife,PE,Nordeste,CD Recife,Jurídico,Gerente,Bryan da Paz,2022-12-09,"3,6",21614,CLT,Presencial,Não,Inativo,Sim,Fim de Contrato,3,"2,35",2,Acidente,0,-10,16,"3,6",81,27,Não,24
855,Ísis Jesus,Masculino,33,Casado,Superior,Salvador,BA,Nordeste,CD Salvador,Atendimento,Supervisor,Gabriel Abreu,2020-01-14,"6,5",9659,CLT,Presencial,Não,Ativo,Não,,2,"3,57",2,Licença Médica,32,33,14,"3,2",72,8,Não,1
856,Dra. Alana Oliveira,Feminino,28,Casado,Médio,Curitiba,PR,Sul,CD Curitiba,Centro de Distribuição,Supervisor,Bárbara Moreira,2022-09-17,"3,8",8873,CLT,Presencial,Não,Ativo,Não,,2,"1,25",2,Licença Médica,16,29,31,"3,1",70,34,Não,16
857,Marcos Vinicius Rezende,Feminino,44,Solteiro,Superior,São Paulo,SP,Sudeste,CD São Paulo,Atendimento,Assistente,Levi Jesus,2021-04-09,"5,2",4100,CLT,Presencial,Não,Ativo,Não,,2,"5,06",2,Acidente,52,12,21,"2,7",73,34,Não,1
858,Sr. Eduardo Lima,Masculino,46,Casado,Médio,Curitiba,PR,Sul,CD Curitiba,Centro de Distribuição,Conferente,Isis da Luz,2017-12-31,"8,5",2255,CLT,Presencial,Não,Ativo,Não,,1,"4,07",0,,55,37,11,"2,5",75,11,Não,20
859,Mariana Nunes,Feminino,18,Solteiro,Superior,Campinas,SP,Sudeste,CD Campinas,Centro de Distribuição,Conferente,Dr. Miguel Sá,2023-07-04,3,3109,CLT,Presencial,Não,Ativo,Não,,3,"1,92",0,,40,4,30,3,79,11,Não,21
860,Noah Novaes,Masculino,40,Viúvo,Superior,Recife,PE,Nordeste,CD Recife,Atendimento,Assistente,Rafaela Cavalcanti,2021-05-19,"5,1",2807,CLT,Presencial,Não,Ativo,Não,,2,"3,77",0,,47,-2,60,"3,7",90,35,Não,1
861,Dr. José das Neves,Masculino,36,Solteiro,Médio,Curitiba,PR,Sul,CD Curitiba,Atendimento,Assistente,Manuella Vasconcelos,2024-10-16,"1,7",3371,CLT,Presencial,Não,Ativo,Não,,3,"3,82",0,,31,-14,32,"2,2",59,22,Não,13
862,Sra. Cecilia Ribeiro,Feminino,31,Casado,Técnico,Guarulhos,SP,Sudeste,CD Guarulhos,Transporte,Supervisor,Ian Machado,2021-01-05,"5,5",7640,CLT,Presencial,Não,Ativo,Não,,5,"2,1",10,INSS,23,-20,34,"2,9",52,25,Não,2
863,Srta. Beatriz Cunha,Feminino,42,Casado,Técnico,Curitiba,PR,Sul,CD Curitiba,Atendimento,Supervisor,Maria Liz Viana,2020-01-26,"6,4",10129,CLT,Presencial,Não,Ativo,Não,,1,"2,86",0,,41,6,18,"2,2",88,37,Não,14
864,Sr. Enrico Gomes,Feminino,20,Casado,Superior,Guarulhos,SP,Sudeste,CD Guarulhos,Operações,Supervisor,Alana Borges,2025-01-09,"1,5",9949,CLT,Presencial,Não,Ativo,Não,,1,"3,58",15,Licença Médica,38,33,58,3,65,27,Não,5
865,Ravy Peixoto,Feminino,25,Divorciado,Médio,São Paulo,SP,Sudeste,CD São Paulo,Centro de Distribuição,Supervisor,Aurora Azevedo,2016-10-18,"9,7",7983,CLT,Presencial,Não,Ativo,Não,,4,4,0,,38,16,54,"4,2",85,13,Não,10
866,Henry Freitas,Feminino,34,Casado,Médio,Campinas,SP,Sudeste,CD Campinas,Atendimento,Assistente,Arthur Miguel Silveira,2022-08-04,"3,9",3247,CLT,Presencial,Não,Ativo,Não,,2,"3,01",15,INSS,22,-8,16,"2,9",85,31,Não,22
867,Maria Liz Pimenta,Feminino,31,Casado,Superior,Goiânia,GO,Centro-Oeste,CD Goiânia,Transporte,Analista,Stephany da Paz,2022-06-08,"4,1",5184,CLT,Presencial,Não,Inativo,Sim,Pedido de Demissão,2,"4,62",15,Licença Médica,36,27,36,"3,3",87,36,Não,27
868,Dra. Ana Laura Vasconcelos,Feminino,33,Casado,Médio,Curitiba,PR,Sul,CD Curitiba,Last Mile,Supervisor,Thales Macedo,2017-06-18,9,10347,CLT,Presencial,Não,Ativo,Não,,4,"1,25",5,Licença Médica,13,31,13,"3,3",81,36,Não,9
869,Guilherme Ribeiro,Feminino,27,Casado,MBA,Recife,PE,Nordeste,CD Recife,Transporte,Motorista,Laura Correia,2024-05-21,"2,1",4076,Aprendiz,Presencial,Não,Ativo,Não,,0,"4,21",0,,41,6,37,"2,9",86,30,Não,14
870,Thomas Moreira,Feminino,31,Casado,Técnico,Curitiba,PR,Sul,CD Curitiba,Atendimento,Analista,Srta. Eloá Rocha,2018-10-24,"7,7",6403,Temporário,Presencial,Não,Ativo,Não,,1,"1,81",0,,29,30,35,"3,1",50,13,Não,17
871,Luiz Miguel da Costa,Masculino,29,Solteiro,Médio,Recife,PE,Nordeste,CD Recife,Transporte,Motorista,Agatha Castro,2022-12-22,"3,5",4279,CLT,Presencial,Não,Ativo,Não,,2,"4,96",0,,60,39,20,"3,3",63,21,Não,19
872,João Guilherme Vasconcelos,Feminino,27,Casado,Superior,Salvador,BA,Nordeste,CD Salvador,Tecnologia,Analista,Maria Rios,2020-08-28,"5,8",6305,CLT,Presencial,Não,Ativo,Não,,2,"1,72",5,INSS,11,-14,20,"4,3",68,13,Não,9
873,Maria Luiza Pastor,Masculino,43,Casado,Médio,Brasília,DF,Centro-Oeste,CD Brasília,Operações,Supervisor,Valentim Albuquerque,2020-12-04,"5,6",9464,CLT,Híbrido,Não,Ativo,Não,,3,"3,7",2,Acidente,28,28,32,"3,2",88,14,Não,28
874,Dra. Ana Lívia Borges,Masculino,34,Solteiro,Superior,Brasília,DF,Centro-Oeste,CD Brasília,Operações,Conferente,Larissa Silveira,2022-05-23,"4,1",2373,CLT,Presencial,Não,Ativo,Não,,4,"4,86",15,Acidente,8,-13,16,"2,4",72,16,Não,21
875,Marcela Ferreira,Masculino,49,Casado,Técnico,Brasília,DF,Centro-Oeste,CD Brasília,Centro de Distribuição,Auxiliar Operacional,Henry Gabriel Pereira,2020-04-06,"6,2",2192,Temporário,Presencial,Não,Ativo,Não,,1,"3,23",0,,26,26,13,"4,1",80,3,Não,29
876,Rafael Guerra,Feminino,25,Divorciado,Médio,Curitiba,PR,Sul,CD Curitiba,Operações,Supervisor,Alana da Luz,2020-12-26,"5,5",7847,CLT,Presencial,Sim,Inativo,Sim,Pedido de Demissão,3,"3,57",15,INSS,26,13,28,"3,2",75,32,Não,3
877,Nicolas Montenegro,Masculino,32,Casado,Superior,Brasília,DF,Centro-Oeste,CD Brasília,Atendimento,Supervisor,Brayan Montenegro,2018-08-19,"7,9",9859,CLT,Presencial,Não,Ativo,Não,,4,"2,94",2,Acidente,48,32,38,"2,5",86,22,Não,12
878,Luigi Camargo,Masculino,32,Viúvo,Médio,Salvador,BA,Nordeste,CD Salvador,RH,Coordenador,Jade Nascimento,2024-03-27,"2,3",11582,CLT,Presencial,Sim,Ativo,Não,,5,"2,57",0,,59,32,55,"2,9",63,15,Não,23
879,Isis Sales,Masculino,37,Solteiro,Médio,Recife,PE,Nordeste,CD Recife,Centro de Distribuição,Supervisor,Maria Flor Nunes,2017-01-03,"9,5",8707,CLT,Presencial,Não,Ativo,Não,,5,"2,13",0,,47,34,26,"2,5",59,10,Não,26
880,Isabelly Sá,Masculino,50,Viúvo,Superior,Salvador,BA,Nordeste,CD Salvador,Transporte,Motorista,Dr. Raul Pastor,2026-04-06,"0,2",3146,Temporário,Presencial,Não,Ativo,Não,,5,"0,29",10,Acidente,7,13,16,"3,1",69,16,Não,12
881,Rodrigo Camargo,Feminino,55,Casado,Técnico,São Paulo,SP,Sudeste,CD São Paulo,Operações,Supervisor,Bernardo Garcia,2016-02-14,"10,4",9846,CLT,Presencial,Não,Ativo,Não,,2,"2,95",2,INSS,46,35,36,3,76,1,Não,9
882,Hellena Rocha,Feminino,40,Divorciado,Médio,Recife,PE,Nordeste,CD Recife,Jurídico,Analista,Srta. Luara Jesus,2022-06-29,4,6667,CLT,Híbrido,Não,Ativo,Não,,2,"3,32",2,Acidente,46,39,45,"2,7",54,7,Não,11
883,Sr. João da Cruz,Feminino,44,Divorciado,Médio,Recife,PE,Nordeste,CD Recife,Transporte,Motorista,Caleb Guerra,2023-09-05,"2,8",3172,CLT,Presencial,Não,Ativo,Não,,5,"4,05",15,Acidente,48,-9,11,"2,8",76,11,Não,26
884,Manuela Barbosa,Feminino,35,Solteiro,Técnico,Guarulhos,SP,Sudeste,CD Guarulhos,Centro de Distribuição,Auxiliar Operacional,Emanuelly Melo,2018-12-17,"7,5",2440,CLT,Presencial,Não,Ativo,Não,,0,"2,11",15,Licença Médica,12,13,52,"2,4",52,21,Não,4
885,Dr. Henrique Oliveira,Feminino,32,Casado,Médio,Goiânia,GO,Centro-Oeste,CD Goiânia,Atendimento,Assistente,Fernando Souza,2020-04-01,"6,3",3143,Aprendiz,Híbrido,Não,Ativo,Não,,1,"1,06",2,INSS,11,36,16,"3,5",74,32,Não,6
886,Esther Monteiro,Feminino,41,Casado,Médio,Recife,PE,Nordeste,CD Recife,Operações,Auxiliar Operacional,Srta. Isabela Sousa,2020-07-12,6,2477,CLT,Presencial,Não,Ativo,Não,,2,"2,51",2,INSS,15,12,18,"3,9",73,12,Não,27
887,João Costela,Masculino,40,Solteiro,Médio,Brasília,DF,Centro-Oeste,CD Brasília,Operações,Conferente,Guilherme da Cruz,2016-02-09,"10,4",2236,CLT,Híbrido,Não,Ativo,Não,,1,"5,09",0,,57,16,34,"3,9",78,7,Não,1
888,Maria Alice Cassiano,Feminino,35,Solteiro,Pós,Campinas,SP,Sudeste,CD Campinas,Operações,Conferente,Dante Barros,2022-11-11,"3,6",2736,CLT,Híbrido,Não,Ativo,Não,,1,"5,2",2,Acidente,46,26,23,"3,8",59,28,Não,29
889,Sabrina Pimenta,Feminino,47,Solteiro,Médio,Brasília,DF,Centro-Oeste,CD Brasília,Last Mile,Coordenador,Vitor Hugo Aparecida,2020-05-13,"6,1",11693,CLT,Remoto,Não,Ativo,Não,,3,"4,52",0,,57,40,13,"2,9",63,34,Não,8
890,Maria Fernanda Pinto,Masculino,30,Solteiro,Médio,Curitiba,PR,Sul,CD Curitiba,Last Mile,Coordenador,Dr. João Guilherme Mendonça,2024-10-19,"1,7",15324,CLT,Híbrido,Não,Ativo,Não,,0,"4,17",0,,60,38,20,"2,7",78,7,Não,25
891,Thomas da Mota,Masculino,38,Solteiro,Médio,Goiânia,GO,Centro-Oeste,CD Goiânia,Operações,Supervisor,Hellena Sá,2018-06-24,8,8509,CLT,Presencial,Não,Ativo,Não,,1,"2,94",10,Acidente,17,5,57,"3,6",86,4,Não,15
892,Carolina Aragão,Masculino,26,Casado,Superior,Goiânia,GO,Centro-Oeste,CD Goiânia,Transporte,Analista,Mariana Mendes,2025-06-21,1,5294,CLT,Presencial,Não,Ativo,Não,,2,"2,61",5,INSS,33,17,55,"3,4",87,24,Não,7
893,Ana Beatriz Montenegro,Feminino,36,Casado,Médio,Goiânia,GO,Centro-Oeste,CD Goiânia,Operações,Supervisor,Dr. Erick Marques,2018-05-05,"8,2",10615,Aprendiz,Presencial,Não,Ativo,Não,,2,"2,69",2,INSS,15,24,17,"3,9",86,31,Não,15
894,Valentim Marques,Masculino,40,Solteiro,Médio,Recife,PE,Nordeste,CD Recife,Operações,Auxiliar Operacional,Sr. Anthony Gabriel Rocha,2016-05-18,"10,1",2413,CLT,Presencial,Não,Ativo,Não,,1,"1,44",0,,28,-15,20,"3,2",76,2,Não,30
895,Mateus Pacheco,Masculino,35,Solteiro,Técnico,Brasília,DF,Centro-Oeste,CD Brasília,Centro de Distribuição,Supervisor,Luan Fonseca,2024-10-09,"1,7",8758,CLT,Remoto,Não,Ativo,Não,,1,"4,11",10,Licença Médica,59,3,14,"3,5",85,33,Não,22
896,Joana Cirino,Feminino,18,Viúvo,Técnico,São Paulo,SP,Sudeste,CD São Paulo,Transporte,Analista,Julia da Costa,2021-05-16,"5,1",6857,CLT,Presencial,Não,Ativo,Não,,3,"4,03",0,,15,2,35,"3,1",59,36,Não,19
897,Ravy Pimenta,Masculino,32,Casado,Técnico,Brasília,DF,Centro-Oeste,CD Brasília,Comercial,Analista,Dr. Francisco Monteiro,2020-04-01,"6,3",6961,CLT,Presencial,Não,Ativo,Não,,1,"1,15",5,INSS,11,-3,31,3,58,21,Não,27
898,Giovanna Leão,Feminino,35,Solteiro,Médio,Brasília,DF,Centro-Oeste,CD Brasília,Centro de Distribuição,Supervisor,Sra. Maria Clara Guerra,2020-08-17,"5,9",8079,CLT,Presencial,Não,Ativo,Não,,3,"3,04",15,Licença Médica,35,31,23,"2,9",71,31,Não,4
899,Rael Cirino,Feminino,43,Solteiro,Fundamental,Curitiba,PR,Sul,CD Curitiba,Transporte,Supervisor,Caroline Oliveira,2023-01-21,"3,4",7141,CLT,Presencial,Não,Ativo,Não,,1,"3,4",10,Acidente,35,34,54,"2,3",62,34,Não,4
900,Heloísa Brito,Masculino,37,Divorciado,Superior,Recife,PE,Nordeste,CD Recife,Centro de Distribuição,Auxiliar Operacional,Sra. Isabela Novais,2020-05-27,"6,1",2180,CLT,Remoto,Não,Ativo,Não,,1,"3,39",2,Licença Médica,54,-16,55,"2,4",82,16,Não,11
901,Maria Helena Costa,Feminino,25,Solteiro,Médio,Campinas,SP,Sudeste,CD Campinas,Transporte,Analista,Dom Melo,2017-12-02,"8,6",4565,CLT,Presencial,Não,Ativo,Não,,0,"0,44",15,Acidente,20,8,34,"2,8",57,30,Não,1
902,Felipe Leão,Feminino,35,Casado,Médio,Goiânia,GO,Centro-Oeste,CD Goiânia,Operações,Conferente,Catarina Pires,2026-01-06,"0,5",2635,CLT,Presencial,Não,Ativo,Não,,1,"3,19",10,Acidente,28,17,57,"3,8",70,17,Não,18
903,Yasmin Silveira,Masculino,57,Solteiro,Superior,Campinas,SP,Sudeste,CD Campinas,Last Mile,Motorista,Dr. Kaique da Cunha,2016-11-20,"9,6",3883,CLT,Presencial,Sim,Ativo,Não,,1,"1,72",2,Licença Médica,34,8,59,"3,5",70,30,Não,4
904,Ana Julia Gonçalves,Masculino,43,Casado,Médio,Goiânia,GO,Centro-Oeste,CD Goiânia,Centro de Distribuição,Supervisor,Enrico Araújo,2018-07-19,8,7845,CLT,Presencial,Não,Ativo,Não,,3,"2,89",0,,53,-10,46,"2,3",74,13,Não,18
905,José Miguel Melo,Masculino,22,Solteiro,Técnico,Campinas,SP,Sudeste,CD Campinas,Operações,Supervisor,Aylla Machado,2026-02-23,"0,4",7338,CLT,Presencial,Não,Ativo,Não,,2,"3,96",15,Licença Médica,6,-10,19,"3,7",67,27,Não,6
906,Sra. Joana Fonseca,Feminino,21,Casado,Técnico,Recife,PE,Nordeste,CD Recife,Atendimento,Assistente,Dr. Luiz Felipe Almeida,2023-02-23,"3,4",3322,CLT,Presencial,Não,Ativo,Não,,2,"2,58",0,,41,20,12,"3,4",48,33,Não,17
907,Camila Ferreira,Masculino,36,Solteiro,Superior,Guarulhos,SP,Sudeste,CD Guarulhos,Centro de Distribuição,Conferente,Fernanda Oliveira,2022-04-09,"4,2",2213,CLT,Presencial,Não,Ativo,Não,,3,"1,83",0,,14,-18,52,"3,9",70,6,Não,8
908,Zoe Cavalcanti,Feminino,37,Solteiro,Fundamental,Guarulhos,SP,Sudeste,CD Guarulhos,RH,Gerente,Luiz Gustavo Duarte,2022-06-11,"4,1",17240,CLT,Presencial,Não,Ativo,Não,,1,"2,52",10,Acidente,54,-20,34,"2,7",68,25,Não,10
909,Sophia Mendonça,Masculino,29,Casado,Superior,Recife,PE,Nordeste,CD Recife,Last Mile,Coordenador,Sra. Anna Liz Garcia,2026-04-09,"0,2",15909,CLT,Presencial,Não,Ativo,Não,,2,"4,89",0,,54,27,13,"2,6",84,3,Não,3
910,Laura Martins,Masculino,37,Casado,MBA,Brasília,DF,Centro-Oeste,CD Brasília,Centro de Distribuição,Conferente,Clara Cavalcante,2017-01-25,"9,4",2870,CLT,Presencial,Não,Ativo,Não,,2,"1,71",0,,18,5,16,"3,6",100,36,Não,7
911,Maitê Leão,Masculino,33,Solteiro,Técnico,Campinas,SP,Sudeste,CD Campinas,Last Mile,Supervisor,Maria Luiza Barbosa,2020-06-15,6,9073,CLT,Presencial,Não,Ativo,Não,,3,4,0,,49,39,33,"3,7",71,16,Não,12
912,Enrico Fernandes,Feminino,30,Casado,Técnico,Campinas,SP,Sudeste,CD Campinas,Last Mile,Coordenador,Levi Dias,2025-12-17,"0,5",14638,Temporário,Presencial,Não,Ativo,Não,,1,"2,96",10,INSS,32,-2,23,"3,1",62,2,Não,22
913,Lavínia Santos,Feminino,45,Casado,Médio,São Paulo,SP,Sudeste,CD São Paulo,Operações,Supervisor,Miguel da Mata,2020-10-16,"5,7",10931,CLT,Presencial,Não,Inativo,Sim,Pedido de Demissão,2,"2,26",5,Acidente,39,40,50,"2,8",60,40,Não,18
914,Maria Cecília Souza,Feminino,32,Casado,Médio,Campinas,SP,Sudeste,CD Campinas,Last Mile,Supervisor,Stephany Machado,2023-01-19,"3,4",8574,CLT,Presencial,Não,Ativo,Não,,9,"2,1",10,INSS,29,-5,60,"3,3",73,15,Não,17
915,Eloah Cirino,Feminino,42,Solteiro,Médio,Salvador,BA,Nordeste,CD Salvador,Transporte,Analista,Davi Lucas Siqueira,2017-03-15,"9,3",4886,CLT,Presencial,Não,Ativo,Não,,3,"4,69",5,Acidente,47,32,16,"2,3",79,22,Não,5
916,José Souza,Feminino,29,Casado,Técnico,Salvador,BA,Nordeste,CD Salvador,Operações,Conferente,Dra. Anna Liz Costela,2023-02-01,"3,4",2374,CLT,Híbrido,Não,Ativo,Não,,0,"1,44",2,INSS,15,33,44,"2,5",93,22,Não,17
917,Miguel Caldeira,Masculino,52,Casado,Técnico,Salvador,BA,Nordeste,CD Salvador,Centro de Distribuição,Auxiliar Operacional,Benício Melo,2024-04-15,"2,2",2170,CLT,Presencial,Não,Ativo,Não,,3,"2,38",10,INSS,1,-16,24,"3,7",74,35,Não,4
918,Ana Júlia Alves,Feminino,28,Casado,Médio,Campinas,SP,Sudeste,CD Campinas,Centro de Distribuição,Supervisor,Valentina Teixeira,2022-06-16,4,9803,Aprendiz,Presencial,Não,Inativo,Sim,Desligamento sem Justa Causa,1,"0,75",5,INSS,7,-3,19,"4,1",68,14,Não,9
919,Cauã da Luz,Feminino,22,Solteiro,Técnico,Recife,PE,Nordeste,CD Recife,Centro de Distribuição,Conferente,Daniela Barros,2022-01-09,"4,5",2677,CLT,Presencial,Não,Ativo,Não,,2,"0,87",0,,15,36,52,"3,8",82,30,Não,9
920,Maria Julia das Neves,Feminino,37,Casado,Médio,Recife,PE,Nordeste,CD Recife,Jurídico,Analista,Josué Sousa,2025-11-23,"0,6",6936,CLT,Híbrido,Não,Ativo,Não,,1,"2,58",0,,13,35,22,3,73,20,Não,12
921,Pedro Miguel Pires,Feminino,33,Casado,Médio,São Paulo,SP,Sudeste,CD São Paulo,Last Mile,Coordenador,Davi Lucca Moura,2021-07-04,5,14199,CLT,Presencial,Não,Ativo,Não,,3,"2,16",10,INSS,46,13,48,4,67,6,Não,9
922,Arthur Andrade,Masculino,45,Casado,Médio,Campinas,SP,Sudeste,CD Campinas,Financeiro,Coordenador,Maria Alice Duarte,2019-04-30,"7,2",15560,CLT,Presencial,Não,Ativo,Não,,4,"5,36",2,Licença Médica,49,5,20,"2,9",80,19,Não,21
923,Nina Nogueira,Masculino,30,Casado,Médio,Curitiba,PR,Sul,CD Curitiba,Last Mile,Coordenador,Yan Macedo,2016-12-10,"9,6",11883,CLT,Presencial,Não,Ativo,Não,,0,"4,44",5,Acidente,55,30,21,"3,8",89,36,Não,4
924,Vitor Hugo Cavalcanti,Masculino,38,Solteiro,Médio,Guarulhos,SP,Sudeste,CD Guarulhos,Centro de Distribuição,Conferente,Mirella Pires,2024-06-04,"2,1",2718,CLT,Presencial,Não,Ativo,Não,,2,"2,52",0,,8,-2,30,"3,8",50,34,Não,14
925,Dra. Maya Moura,Masculino,30,Casado,Superior,Recife,PE,Nordeste,CD Recife,Centro de Distribuição,Auxiliar Operacional,Yasmin das Neves,2017-01-12,"9,5",2498,CLT,Presencial,Não,Ativo,Não,,3,"4,32",2,Acidente,48,25,40,"3,5",56,30,Não,20
926,Dr. Vitor Hugo da Conceição,Feminino,28,Casado,Médio,Brasília,DF,Centro-Oeste,CD Brasília,Jurídico,Gerente,Pedro Miguel das Neves,2021-01-09,"5,5",18858,CLT,Presencial,Não,Ativo,Não,,1,"2,54",0,,29,-10,15,"4,7",88,22,Não,8
927,Dr. José Pedro Cassiano,Feminino,50,Solteiro,Técnico,Guarulhos,SP,Sudeste,CD Guarulhos,Centro de Distribuição,Conferente,Anthony Abreu,2023-08-21,"2,9",2646,CLT,Presencial,Sim,Ativo,Não,,2,"2,45",0,,43,12,18,"2,6",92,29,Não,17
928,Catarina Ferreira,Feminino,35,Solteiro,Médio,São Paulo,SP,Sudeste,CD São Paulo,Atendimento,Analista,Ravy Nascimento,2017-05-17,"9,1",6809,CLT,Presencial,Não,Ativo,Não,,1,"3,23",0,,30,15,15,"3,9",82,5,Não,12
929,Samuel Sá,Masculino,29,Casado,Superior,Recife,PE,Nordeste,CD Recife,Operações,Supervisor,Letícia Albuquerque,2021-01-31,"5,4",9373,CLT,Presencial,Não,Ativo,Não,,1,"2,1",10,Acidente,8,31,51,"3,4",50,24,Não,30
930,Lavínia Peixoto,Masculino,49,Solteiro,Pós,Goiânia,GO,Centro-Oeste,CD Goiânia,Operações,Conferente,André Novaes,2021-12-27,"4,5",3071,CLT,Presencial,Não,Inativo,Sim,Fim de Contrato,3,"3,14",2,Acidente,10,7,55,"3,2",73,35,Não,3
931,Sr. Noah Novais,Feminino,37,Solteiro,Superior,Campinas,SP,Sudeste,CD Campinas,Transporte,Supervisor,Maria Laura da Cruz,2024-07-08,2,8946,CLT,Presencial,Sim,Ativo,Não,,0,"2,82",0,,45,-9,40,"1,8",74,36,Não,20
932,Mathias Garcia,Feminino,18,Solteiro,Superior,Campinas,SP,Sudeste,CD Campinas,Last Mile,Supervisor,João Barros,2016-09-05,"9,8",10601,CLT,Presencial,Não,Ativo,Não,,1,"1,07",0,,57,-5,26,"2,8",75,23,Não,1
933,Isabella Moreira,Feminino,38,Solteiro,Médio,Guarulhos,SP,Sudeste,CD Guarulhos,Tecnologia,Gerente,Júlia da Paz,2018-10-12,"7,7",23900,CLT,Presencial,Não,Ativo,Não,,0,"5,39",2,Licença Médica,50,5,46,4,84,3,Não,0
934,Yasmin da Mata,Masculino,29,Casado,Fundamental,Curitiba,PR,Sul,CD Curitiba,Financeiro,Assistente,Esther Azevedo,2021-02-22,"5,4",3678,CLT,Presencial,Não,Ativo,Não,,3,"3,71",0,,3,-5,53,"3,3",61,1,Não,22
935,Davi Luiz da Rocha,Masculino,28,Casado,Médio,Campinas,SP,Sudeste,CD Campinas,Operações,Conferente,Rafael Pinto,2020-05-27,"6,1",2471,CLT,Presencial,Não,Ativo,Não,,1,"4,22",10,INSS,53,-12,39,"2,5",74,12,Não,15
936,Júlia Sampaio,Masculino,43,Solteiro,Superior,Brasília,DF,Centro-Oeste,CD Brasília,Transporte,Analista,Rebeca Correia,2018-10-02,"7,8",5646,CLT,Híbrido,Não,Ativo,Não,,1,"4,56",0,,56,6,59,"2,9",65,35,Não,29
937,Sr. Dom Aragão,Feminino,35,Casado,Superior,Salvador,BA,Nordeste,CD Salvador,Operações,Auxiliar Operacional,Alícia Cirino,2021-10-23,"4,7",2206,CLT,Presencial,Não,Ativo,Não,,3,"5,68",5,Acidente,32,0,16,"2,8",70,26,Não,11
938,João Miguel da Mata,Masculino,41,Solteiro,Técnico,Guarulhos,SP,Sudeste,CD Guarulhos,Last Mile,Supervisor,Pedro Lucas Siqueira,2022-03-30,"4,3",7623,CLT,Presencial,Não,Ativo,Não,,5,"4,45",15,Licença Médica,22,24,23,"3,4",55,28,Não,2
939,Igor Borges,Masculino,61,Casado,Técnico,Salvador,BA,Nordeste,CD Salvador,Transporte,Supervisor,Anthony Gabriel Monteiro,2023-12-21,"2,5",10561,CLT,Presencial,Não,Ativo,Não,,2,"3,55",0,,58,-7,58,"3,5",90,16,Não,20
940,Luigi Leão,Feminino,32,Casado,Médio,Guarulhos,SP,Sudeste,CD Guarulhos,Tecnologia,Analista,Theo Freitas,2022-08-07,"3,9",4685,CLT,Presencial,Não,Ativo,Não,,4,"2,77",5,INSS,14,19,13,"3,2",81,22,Não,2
941,Ana Beatriz Farias,Masculino,38,Solteiro,Superior,Goiânia,GO,Centro-Oeste,CD Goiânia,Atendimento,Assistente,Diogo Araújo,2017-07-10,9,4067,CLT,Presencial,Não,Ativo,Não,,0,"4,25",0,,36,3,51,"3,5",74,18,Não,5
942,Matteo Barbosa,Masculino,41,Casado,Médio,Goiânia,GO,Centro-Oeste,CD Goiânia,Operações,Supervisor,Olivia Cirino,2023-09-15,"2,8",9670,CLT,Presencial,Não,Ativo,Não,,1,"3,97",5,Licença Médica,53,17,49,"4,1",64,24,Não,2
943,José Garcia,Feminino,20,Casado,Médio,Goiânia,GO,Centro-Oeste,CD Goiânia,Centro de Distribuição,Supervisor,Davi Vargas,2023-12-14,"2,5",10097,CLT,Presencial,Não,Ativo,Não,,2,"4,44",0,,0,-9,40,"3,7",83,10,Não,4
944,Srta. Maria Isis Vargas,Feminino,21,Casado,MBA,Curitiba,PR,Sul,CD Curitiba,Centro de Distribuição,Auxiliar Operacional,Isadora Sousa,2024-01-03,"2,5",2478,CLT,Presencial,Não,Ativo,Não,,0,"2,91",2,INSS,21,1,55,"4,1",65,12,Não,15
945,Gael Henrique Marques,Masculino,55,Solteiro,Técnico,Campinas,SP,Sudeste,CD Campinas,Tecnologia,Gerente,Srta. Stephany Rios,2017-11-05,"8,7",21012,CLT,Híbrido,Não,Ativo,Não,,0,"2,96",5,INSS,44,7,31,"2,2",43,21,Não,1
946,Renan Gomes,Masculino,18,Solteiro,Fundamental,Curitiba,PR,Sul,CD Curitiba,Centro de Distribuição,Conferente,Luana Duarte,2017-01-09,"9,5",2364,CLT,Presencial,Não,Ativo,Não,,3,"0,38",10,INSS,12,-11,18,"3,6",77,12,Não,16
947,Asafe Souza,Masculino,37,Solteiro,Fundamental,São Paulo,SP,Sudeste,CD São Paulo,Centro de Distribuição,Auxiliar Operacional,Stephany Campos,2021-06-07,"5,1",2271,CLT,Presencial,Não,Ativo,Não,,5,"1,7",0,,36,5,23,"3,2",88,11,Não,19
948,Rodrigo Porto,Feminino,42,Solteiro,Técnico,Brasília,DF,Centro-Oeste,CD Brasília,Jurídico,Analista,Gael Henrique Fonseca,2017-03-08,"9,3",6463,CLT,Presencial,Não,Ativo,Não,,1,"1,61",15,INSS,48,27,24,"3,5",88,26,Não,15
949,Henrique Camargo,Masculino,43,Solteiro,Técnico,Guarulhos,SP,Sudeste,CD Guarulhos,Last Mile,Supervisor,Pedro Henrique Duarte,2018-01-08,"8,5",7291,CLT,Presencial,Não,Ativo,Não,,2,"3,11",15,INSS,24,-1,17,"3,7",82,1,Não,4
950,Enzo Vieira,Feminino,40,Viúvo,Superior,Campinas,SP,Sudeste,CD Campinas,Last Mile,Motorista,Dante Gonçalves,2025-10-07,"0,7",3138,CLT,Presencial,Não,Ativo,Não,,3,"3,17",10,INSS,9,13,18,"3,1",55,33,Não,17
951,Anthony Aparecida,Masculino,38,Divorciado,Superior,São Paulo,SP,Sudeste,CD São Paulo,Operações,Auxiliar Operacional,Olívia Sales,2021-02-18,"5,4",2463,CLT,Híbrido,Não,Ativo,Não,,2,"3,1",0,,5,12,37,"3,6",68,19,Não,8
952,Daniela Freitas,Masculino,25,Divorciado,Superior,Recife,PE,Nordeste,CD Recife,Last Mile,Motorista,Josué Castro,2024-08-16,"1,9",3187,CLT,Híbrido,Não,Ativo,Não,,3,"3,43",5,INSS,16,31,41,3,72,20,Não,3
953,Ayla Rodrigues,Masculino,31,Casado,Superior,Campinas,SP,Sudeste,CD Campinas,Operações,Supervisor,Maitê Teixeira,2021-09-24,"4,8",8532,CLT,Presencial,Não,Ativo,Não,,6,"3,29",2,Acidente,21,-18,36,"3,9",73,18,Não,10
954,Ana Liz Araújo,Masculino,36,Solteiro,Médio,Curitiba,PR,Sul,CD Curitiba,Centro de Distribuição,Auxiliar Operacional,Sr. Vitor Gabriel Vieira,2016-08-21,"9,9",2239,CLT,Presencial,Sim,Ativo,Não,,0,"2,47",2,INSS,6,35,49,"4,4",78,28,Não,24
955,Davi Lucas Mendonça,Masculino,41,Casado,Superior,Campinas,SP,Sudeste,CD Campinas,Centro de Distribuição,Conferente,Liam Novais,2023-11-21,"2,6",3023,CLT,Presencial,Não,Ativo,Não,,3,"1,59",5,Acidente,24,5,42,"3,1",81,26,Não,23
956,Manuella Macedo,Masculino,42,Solteiro,Superior,São Paulo,SP,Sudeste,CD São Paulo,Operações,Conferente,Srta. Alícia Sales,2018-08-18,"7,9",2254,CLT,Presencial,Não,Ativo,Não,,1,"2,84",5,INSS,56,24,51,"2,9",75,31,Não,13
957,Maria Alice Silveira,Masculino,24,Solteiro,Fundamental,Curitiba,PR,Sul,CD Curitiba,Centro de Distribuição,Conferente,José Aparecida,2025-03-21,"1,3",3029,CLT,Presencial,Não,Ativo,Não,,2,"5,75",0,,50,13,37,"3,4",61,35,Não,12
958,Maysa Novais,Masculino,30,Divorciado,Fundamental,Guarulhos,SP,Sudeste,CD Guarulhos,Centro de Distribuição,Supervisor,Vitor Hugo Sampaio,2018-07-01,8,8042,Temporário,Presencial,Sim,Ativo,Não,,1,"3,4",10,INSS,59,3,50,"1,9",82,1,Não,15
959,Esther Nunes,Masculino,46,Casado,Médio,Curitiba,PR,Sul,CD Curitiba,Operações,Auxiliar Operacional,Yago Ferreira,2021-06-12,"5,1",2596,CLT,Presencial,Não,Ativo,Não,,2,"4,91",0,,34,37,13,"3,8",63,4,Não,6
960,Dr. João Guilherme Peixoto,Feminino,22,Solteiro,Superior,Goiânia,GO,Centro-Oeste,CD Goiânia,Operações,Auxiliar Operacional,Elisa Azevedo,2016-08-07,"9,9",1954,CLT,Presencial,Não,Ativo,Não,,0,"0,3",15,Licença Médica,1,18,24,"3,5",60,1,Não,28
961,Daniela Machado,Feminino,47,Casado,Técnico,Salvador,BA,Nordeste,CD Salvador,Centro de Distribuição,Supervisor,João Nogueira,2019-05-20,"7,1",10388,CLT,Presencial,Não,Ativo,Não,,0,"1,96",5,Licença Médica,26,35,49,"2,8",54,20,Não,15
962,Dr. Alexandre Vasconcelos,Feminino,33,Solteiro,MBA,Guarulhos,SP,Sudeste,CD Guarulhos,Last Mile,Supervisor,Sofia Garcia,2022-08-17,"3,9",10014,CLT,Presencial,Não,Ativo,Não,,1,3,15,Acidente,7,-7,20,"2,7",81,34,Não,16
963,Srta. Allana Pinto,Feminino,54,Divorciado,Médio,Curitiba,PR,Sul,CD Curitiba,Operações,Supervisor,Sr. Lorenzo Silveira,2018-04-14,"8,2",10355,CLT,Presencial,Não,Ativo,Não,,1,"6,48",15,INSS,54,31,35,"2,8",66,36,Não,14
964,Vitor Gabriel Gomes,Masculino,26,Solteiro,Técnico,Recife,PE,Nordeste,CD Recife,Operações,Auxiliar Operacional,Vinicius Rodrigues,2024-05-01,"2,2",2182,CLT,Presencial,Não,Ativo,Não,,2,"1,87",15,INSS,19,-20,44,"3,9",88,2,Não,21
965,Daniela Pimenta,Feminino,35,Casado,Superior,Goiânia,GO,Centro-Oeste,CD Goiânia,Last Mile,Motorista,Lorenzo Jesus,2016-07-21,10,3150,Temporário,Presencial,Não,Inativo,Sim,Fim de Contrato,3,"1,24",0,,17,15,28,"3,6",58,1,Não,1
966,Luna Camargo,Masculino,25,Casado,Médio,Salvador,BA,Nordeste,CD Salvador,Last Mile,Motorista,Vicente Ribeiro,2020-11-27,"5,6",3505,CLT,Híbrido,Não,Ativo,Não,,0,"1,71",0,,41,23,38,"3,4",71,27,Não,15
967,Augusto Cardoso,Masculino,30,Divorciado,Técnico,Brasília,DF,Centro-Oeste,CD Brasília,Transporte,Analista,Arthur Gabriel Costa,2018-01-13,"8,5",4854,Aprendiz,Presencial,Não,Ativo,Não,,3,"4,41",0,,60,-18,16,"3,4",83,13,Não,14
968,Ryan Correia,Masculino,34,Casado,Superior,Goiânia,GO,Centro-Oeste,CD Goiânia,Operações,Supervisor,Arthur Gabriel Oliveira,2021-10-24,"4,7",9459,CLT,Presencial,Não,Ativo,Não,,1,"1,18",5,INSS,18,-3,23,"3,8",74,26,Não,8
969,Maria Julia Ribeiro,Feminino,34,Solteiro,Médio,Campinas,SP,Sudeste,CD Campinas,Operações,Conferente,Valentina Pinto,2023-08-19,"2,9",2704,CLT,Presencial,Não,Ativo,Não,,5,"0,96",5,Licença Médica,22,-17,48,"4,6",82,33,Não,20
970,Dra. Jade Aragão,Feminino,35,Solteiro,Fundamental,Brasília,DF,Centro-Oeste,CD Brasília,RH,Assistente,Sr. Brayan Albuquerque,2021-01-06,"5,5",3240,CLT,Presencial,Não,Ativo,Não,,0,"0,86",0,,6,40,20,3,62,33,Não,28
971,Samuel Barros,Feminino,39,Casado,Técnico,São Paulo,SP,Sudeste,CD São Paulo,Comercial,Assistente,Ana Liz Fonseca,2022-12-09,"3,6",4048,CLT,Híbrido,Sim,Ativo,Não,,2,"2,64",10,Acidente,10,37,46,"3,1",61,13,Não,28
972,Maria Vitória Freitas,Masculino,30,Casado,Técnico,Brasília,DF,Centro-Oeste,CD Brasília,RH,Assistente,Srta. Juliana Moura,2025-01-02,"1,5",3815,CLT,Presencial,Não,Inativo,Sim,Desligamento sem Justa Causa,3,"4,36",15,Acidente,40,-10,13,3,63,25,Não,13
973,Brayan da Rosa,Feminino,28,Casado,Pós,Brasília,DF,Centro-Oeste,CD Brasília,Last Mile,Motorista,Henrique Moreira,2023-07-28,"2,9",4434,CLT,Presencial,Não,Ativo,Não,,6,3,5,INSS,31,-9,45,"3,8",82,15,Não,25
974,Carlos Eduardo Silveira,Masculino,29,Divorciado,Superior,Recife,PE,Nordeste,CD Recife,Last Mile,Supervisor,Vitor Gomes,2016-06-09,"10,1",8037,Aprendiz,Presencial,Não,Ativo,Não,,1,"3,06",5,INSS,30,-8,30,"2,9",50,32,Não,7
975,Gael Moura,Feminino,18,Divorciado,Superior,Brasília,DF,Centro-Oeste,CD Brasília,Operações,Supervisor,Isadora Nunes,2025-02-14,"1,4",8683,CLT,Presencial,Não,Ativo,Não,,2,"2,92",5,INSS,60,36,28,"2,6",77,9,Não,18
976,Emanuelly Novais,Masculino,26,Casado,Fundamental,São Paulo,SP,Sudeste,CD São Paulo,Last Mile,Motorista,Dra. Maria Vitória Souza,2022-07-19,4,3000,CLT,Presencial,Sim,Ativo,Não,,3,"3,27",0,,29,-18,22,3,86,40,Não,29
977,Luiz Henrique Rocha,Feminino,25,Casado,Superior,Salvador,BA,Nordeste,CD Salvador,Centro de Distribuição,Supervisor,Mariane Caldeira,2022-09-26,"3,8",9544,CLT,Presencial,Sim,Ativo,Não,,1,"2,56",0,,7,33,54,"3,5",65,22,Não,30
978,Fernando Novaes,Masculino,44,Casado,Técnico,Recife,PE,Nordeste,CD Recife,Operações,Auxiliar Operacional,Sofia Fernandes,2018-06-17,8,2186,CLT,Presencial,Não,Ativo,Não,,1,"4,45",10,Licença Médica,57,-5,48,"2,7",78,24,Não,29
979,Eduarda Nascimento,Masculino,42,Solteiro,Médio,São Paulo,SP,Sudeste,CD São Paulo,Last Mile,Supervisor,Melina Fogaça,2023-11-24,"2,6",10470,CLT,Presencial,Não,Ativo,Não,,5,"4,46",15,INSS,53,-4,38,"2,9",47,3,Não,8
980,Dr. Marcelo Jesus,Masculino,18,Solteiro,Fundamental,Guarulhos,SP,Sudeste,CD Guarulhos,Operações,Supervisor,Marina Silveira,2026-01-07,"0,5",10792,CLT,Remoto,Não,Inativo,Sim,Fim de Contrato,4,"1,9",5,INSS,11,35,18,"3,4",75,26,Não,15
981,Sr. Yago Cunha,Masculino,32,Solteiro,Superior,Salvador,BA,Nordeste,CD Salvador,Last Mile,Supervisor,Jade Fonseca,2017-09-02,"8,8",9768,CLT,Presencial,Não,Ativo,Não,,1,"3,87",0,,14,38,47,"2,8",82,14,Não,10
982,Melissa Gonçalves,Masculino,33,Casado,Fundamental,Goiânia,GO,Centro-Oeste,CD Goiânia,Financeiro,Coordenador,Arthur Gabriel da Paz,2021-05-25,"5,1",11137,CLT,Presencial,Não,Ativo,Não,,4,"2,81",2,Licença Médica,40,16,30,"4,7",73,32,Sim,1
983,Allana Moreira,Feminino,38,Divorciado,Médio,Curitiba,PR,Sul,CD Curitiba,Centro de Distribuição,Supervisor,Kevin Abreu,2021-12-30,"4,5",8511,CLT,Presencial,Não,Ativo,Não,,2,"0,31",0,,0,26,43,"3,8",79,19,Não,3
984,Henry Cunha,Feminino,48,Solteiro,Médio,Campinas,SP,Sudeste,CD Campinas,Atendimento,Assistente,Sr. João Guilherme Novaes,2021-03-30,"5,3",3318,CLT,Presencial,Não,Ativo,Não,,3,"2,68",0,,46,-6,38,"2,5",93,39,Não,15
985,Daniela Brito,Masculino,29,Casado,Técnico,São Paulo,SP,Sudeste,CD São Paulo,Atendimento,Analista,Raul Fogaça,2016-04-07,"10,2",5515,CLT,Presencial,Não,Ativo,Não,,8,"1,85",0,,1,5,13,"4,2",81,25,Não,5
986,Davi Miguel da Luz,Masculino,38,Solteiro,Médio,Brasília,DF,Centro-Oeste,CD Brasília,Centro de Distribuição,Conferente,Sr. Igor da Cunha,2022-08-24,"3,9",2758,CLT,Presencial,Não,Ativo,Não,,1,"5,78",0,,56,20,21,"2,5",79,4,Não,0
987,Caleb Oliveira,Masculino,30,Solteiro,Fundamental,São Paulo,SP,Sudeste,CD São Paulo,Operações,Auxiliar Operacional,Helena Siqueira,2024-07-03,2,2565,CLT,Presencial,Não,Ativo,Não,,2,"5,05",0,,60,28,40,3,78,36,Não,28
988,Luan Vieira,Feminino,24,Casado,Fundamental,Recife,PE,Nordeste,CD Recife,Jurídico,Gerente,Emanuella Mendonça,2020-01-30,"6,4",18935,CLT,Presencial,Não,Ativo,Não,,0,"2,47",0,,13,6,34,"3,4",82,21,Não,10
989,Dra. Aylla Peixoto,Feminino,49,Casado,Médio,São Paulo,SP,Sudeste,CD São Paulo,Operações,Auxiliar Operacional,Letícia Andrade,2021-03-18,"5,3",2060,CLT,Presencial,Não,Ativo,Não,,0,"2,15",0,,43,3,49,"3,5",87,29,Não,27
990,Dra. Maria Helena Barros,Feminino,36,Solteiro,Médio,São Paulo,SP,Sudeste,CD São Paulo,Centro de Distribuição,Auxiliar Operacional,Lucas Gabriel Ferreira,2019-03-23,"7,3",2170,CLT,Presencial,Não,Ativo,Não,,1,"3,3",5,Licença Médica,23,33,27,"2,7",77,39,Não,30
991,Maria Vitória Campos,Feminino,38,Solteiro,Superior,Recife,PE,Nordeste,CD Recife,Operações,Conferente,Anthony Porto,2019-07-07,7,2716,CLT,Híbrido,Não,Ativo,Não,,1,"3,28",2,Licença Médica,24,8,50,"3,6",80,19,Não,2
992,Maria Helena Aragão,Feminino,34,Divorciado,Técnico,Recife,PE,Nordeste,CD Recife,Last Mile,Motorista,Vinicius Aparecida,2019-11-16,"6,6",4019,CLT,Presencial,Não,Ativo,Não,,2,"2,34",2,Licença Médica,4,32,31,"3,5",78,36,Não,14
993,Sr. Luan Montenegro,Feminino,18,Casado,Médio,Curitiba,PR,Sul,CD Curitiba,Operações,Auxiliar Operacional,Srta. Daniela Aragão,2021-12-17,"4,5",1924,CLT,Presencial,Não,Ativo,Não,,3,"1,12",0,,5,16,57,"4,1",86,6,Não,11
994,Maria Júlia Machado,Masculino,40,Solteiro,Médio,São Paulo,SP,Sudeste,CD São Paulo,Tecnologia,Analista Sênior,Sofia Borges,2022-01-04,"4,5",8128,CLT,Presencial,Sim,Ativo,Não,,5,"3,25",10,Licença Médica,43,-20,39,"1,6",60,3,Não,22
995,Pedro da Rocha,Masculino,30,Divorciado,Superior,Goiânia,GO,Centro-Oeste,CD Goiânia,Last Mile,Supervisor,Clara Cardoso,2018-12-21,"7,5",10040,CLT,Presencial,Não,Ativo,Não,,4,"1,57",0,,0,14,32,"3,2",75,16,Não,14
996,Sr. Renan Oliveira,Feminino,32,Solteiro,Superior,Campinas,SP,Sudeste,CD Campinas,Transporte,Supervisor,Srta. Maria Liz da Luz,2018-09-28,"7,8",10903,CLT,Presencial,Não,Ativo,Não,,2,"2,66",0,,60,-4,45,4,74,19,Não,8
997,Murilo Montenegro,Feminino,46,Solteiro,Médio,Guarulhos,SP,Sudeste,CD Guarulhos,Comercial,Analista,Caroline Teixeira,2016-01-18,"10,5",6015,CLT,Presencial,Não,Ativo,Não,,3,"5,09",0,,22,-17,39,4,76,4,Não,15
998,Rodrigo Novais,Masculino,39,Divorciado,Médio,Brasília,DF,Centro-Oeste,CD Brasília,Operações,Auxiliar Operacional,Ryan Gonçalves,2023-06-26,3,2467,Aprendiz,Presencial,Não,Ativo,Não,,1,"3,95",5,Licença Médica,43,21,33,"2,7",58,36,Não,19
999,Fernanda Novais,Feminino,42,Solteiro,Técnico,Campinas,SP,Sudeste,CD Campinas,Centro de Distribuição,Auxiliar Operacional,Valentina da Cruz,2017-05-23,"9,1",2076,CLT,Presencial,Não,Ativo,Não,,3,"3,16",15,Acidente,26,2,48,3,83,24,Não,23
1000,Brayan da Mata,Masculino,51,Casado,Médio,Recife,PE,Nordeste,CD Recife,Last Mile,Motorista,Luna Rodrigues,2016-12-27,"9,5",3560,CLT,Presencial,Não,Ativo,Não,,2,"2,48",0,,11,2,41,"2,9",68,16,Não,10